Workbook

Sheet Read me
A1: ISO 14971 Risk File Toolkit
A2: Companion to the workshop 'Risk Management (ISO 14971): aligning risk files with EU MDR and FDA expectations'
A4: Purpose | B4: A working skeleton of a risk management file that is traceable end to end: every hazard reaches a harm, every unacceptable risk reaches a control, every control reaches a verification of implementation AND a verification of effectiveness, and every residual risk reaches either an acceptability decision or a benefit-risk record.
A5: Why it is built this way | B5: Notified bodies and FDA investigators do not read a risk file to see whether it exists. They pull one hazard and walk it: to the design input, to the verification record, to the labelling, to the complaint data. The columns here are the walk. If a column is empty, that is where the deficiency is written.
A7: How to use it | B7: 1. Fill in 'RM Plan' first. Clause 4.4 requires the plan to define the acceptability criteria BEFORE the analysis. A file whose criteria were written after the risk table is the single most common finding in this area.
B8: 2. Edit 'Scales'. The severity scale, the two probability scales, the P1 x P2 combination table and the acceptability matrix in this workbook are examples. Replace them with your own and record the rationale.
B9: 3. Work 'Hazard Analysis' left to right, one row per hazardous situation (not one row per hazard). The initial and residual risk columns are formulas; do not overwrite them.
B10: 4. Every risk control gets a row on 'Risk Controls' with both verification references. Implementation and effectiveness are two separate records under Clause 7.2.
B11: 5. Residual risks that the criteria do not accept and that cannot be reduced further go to 'Benefit-Risk' under Clause 7.4 or Clause 8.
B12: 6. 'Prod & Post-Prod' is Clause 10. It is the sheet that makes the file living rather than historical, and it is the sheet auditors find empty.
B13: 7. 'RM File Index' is the Clause 4.5 index. 'Dashboard' tells you what is still missing.
A15: Cells to fill in | B15: Every cell with a pale yellow fill is an input. Unshaded cells carry reference data or formulas.
A16: Formula columns | B16: 'Hazard Analysis' columns L to O and U to X; the checks on 'Risk Controls'; every figure on 'Dashboard'; the completeness line on 'RM File Index'. These recalculate from your inputs.
A18: Clause map | B18: RM Plan = 4.4. Scales = 4.4 d). Hazard Analysis = 5.4 and 5.5 (analysis), 6 (evaluation), 7.1 (control option), 7.3 (residual risk evaluation), 7.6 (completeness). Risk Controls = 7.1, 7.2 and 7.5. Residual Risk = 8. Benefit-Risk = 7.4 and 8. Prod & Post-Prod = 10.1 to 10.4. RM File Index = 4.5.
A19: Clause 7 in full | B19: 7.1 Risk control option analysis; 7.2 Implementation of risk control measures; 7.3 Residual risk evaluation; 7.4 Benefit-risk analysis; 7.5 Risks arising from risk control measures; 7.6 Completeness of risk control. Clause 7 runs to 7.6. Note that Clause 6 routes an acceptable risk straight to 7.6 and treats the estimated risk as the residual risk, so 7.6 applies to every hazardous situation, acceptable or not.
A21: One row per hazardous situation | B21: ISO 14971:2019 Clause 5.4 asks for the foreseeable sequences of events that can lead a hazard to a hazardous situation. A single hazard (for example 'energy - electrical') produces several hazardous situations by several sequences, and each carries its own probability. Collapsing them into one row is what makes a probability estimate unjustifiable.
A22: P1 and P2 | B22: The probability of harm is decomposed into P1, the probability of the hazardous situation arising, and P2, the probability that the hazardous situation leads to the harm. ISO 14971:2019 Annex C.5 and ISO/TR 24971:2020 Clause 5.5 describe the decomposition. The combination table on 'Scales' is derived from the decade midpoints of the two scales; the derivation is shown there so a reviewer can audit it.
A23: Acceptable is not the finish line | B23: The matrix produces 'Acceptable' or 'Not acceptable' against the example criteria. That is not the whole EU test. MDR Annex I point 4 requires risk control measures in a fixed order of priority, and point 2 defines the only permitted limit on how far you must go: reduction of risks as far as possible means reduction without adversely affecting the benefit-risk ratio. Cost is not in that sentence. So an 'Acceptable' verdict does not end the obligation to consider further risk control - record why no further control was practicable.
A24: AFAP is not ALARP | B24: ALARP - as low as reasonably practicable - admits economic impact into the judgement. The MDR does not: the word ALARP does not appear in the Regulation, nor does any reference to economic considerations, and the recital of Directive 93/42/EEC that allowed 'technical and economical considerations' was not carried into the MDR. ISO/TR 24971:2020 Annex C is where the choice between ALARP, AFAP, ALARA and ALAP is actually discussed, as guidance on the Clause 4.2 policy.
A25: What Annex ZA does and does not give you | B25: EN ISO 14971:2019/A11:2021 replaces the European foreword and adds Annexes ZA (MDR) and ZB (IVDR). It does not change the normative text of ISO 14971:2019. Annex ZA is a correspondence table, not a list of deviations: the seven content deviations people still cite belong to the withdrawn EN ISO 14971:2012. And the table is narrow - it addresses MDR Annex I Chapter I points 3, 4, 5, 8 and 9. Points 1, 2 and 7, and the whole of Chapters II and III, are not listed as covered, so conformity to the standard buys you no presumption of conformity with the benefit-risk requirement in point 1 or the AFAP definition in point 2. You argue those from the Regulation.
A26: No middle band | B26: ISO 14971:2019 does not use a three-region ALARP matrix. If your matrix has an amber 'acceptable with justification' band carried over from the 2007 edition, expect to be asked which clause it implements.
A28: Sheets | B28: Read me | RM Plan | Scales | Hazard Analysis | Risk Controls | Residual Risk | Benefit-Risk | Prod & Post-Prod | RM File Index | Dashboard
A30: Worked example | B30: The 16 example rows describe a programmable ambulatory infusion pump for home use with a single-use administration set. They are written to be argued with in the workshop, not copied. Two rows contain deliberate defects; the facilitator guide names them.
... A38: Prepared by | B38: Elder Consulting, LLC. Workshop material; not legal or regulatory advice.

Sheet RM Plan
A1: Risk management plan: required contents
A2: ISO 14971:2019 Clause 4.4 a) to g), plus the contents EU MDR and FDA submissions expect to find. Clause 4.4 requires the plan to be part of the risk management file.
A4: # | B4: Required content | C4: What a reviewer looks for | D4: Where it is in your plan | E4: Present? | F4: Owner
A5: 4.4 a) | B5: Scope of the planned risk management activities | C5: The device, its accessories, the life-cycle phases covered, and the parts of the device or process that are excluded with a reason. A plan whose scope is 'the device' cannot be audited.
A6: 4.4 b) | B6: Assignment of responsibilities and authorities | C6: Named roles, not 'the team'. Who may approve a residual risk as acceptable, and who may approve an overall residual risk, are separate authorities and are the two that get asked about.
A7: 4.4 c) | B7: Requirements for review of risk management activities | C7: Which reviews happen, at which milestones, who attends, and what the review has to conclude. This is the hook that produces the Clause 9 report.
A8: 4.4 d) | B8: Criteria for risk acceptability, based on the manufacturer's policy for determining acceptable risk | C8: The criteria themselves, the policy they derive from, and the method for the case where the probability of occurrence of harm cannot be estimated. A file with a matrix and no policy behind it is the single most common deficiency in this clause.
A9: 4.4 d) | B9: Criteria for the case where probability cannot be estimated | C9: ISO 14971:2019 requires the criteria to include how risk is evaluated when probability of occurrence of harm cannot be estimated. In practice this means severity-only evaluation and a stated decision rule. Most plans are silent here.
A10: 4.4 e) | B10: Method to evaluate overall residual risk and the criteria for its acceptability | C10: Overall residual risk is a separate evaluation from the sum of individual risks (Clause 8). The plan must say how it is done and what makes it acceptable, before the answer is known.
A11: 4.4 f) | B11: Activities for verification of the implementation and effectiveness of risk control measures | C11: Two activities, not one, per Clause 7.2. What record proves the control was implemented, and what record proves it works.
A12: 4.4 g) | B12: Activities related to collection and review of relevant production and post-production information | C12: The named information sources, who reviews them, how often, and the trigger that sends a finding back into the risk file. This is the Clause 10 hook and it is the one auditors find missing.
A13: MDR | B13: Link to the risk management system required by Article 10(2) and Annex I point 3 | C13: Annex I point 3 requires the system and sets out the iterative process in sub-points (a) to (f); (a) is the risk management plan itself and (e) to (f) are the production and post-production feedback loop. Article 10(2) is the headline obligation and Article 10(9)(e) puts risk management inside the QMS. Name the procedure, and name where the risk management plan sits relative to the PMS plan (Annex III point 1(b), which requires indicators and threshold values) and the PMCF plan (Annex XIV Part B).
A14: MDR | B14: How the plan addresses GSPRs 1 to 9 and the AFAP obligation | C14: Annex I point 4 sets the order of priority for risk control: (a) safe design and manufacture, (b) protection measures including alarms, (c) information for safety and training, and it closes with 'Manufacturers shall inform users of any residual risks'. Point 2 defines the test: reducing risks as far as possible means reduction without adversely affecting the benefit-risk ratio - not cost. State which of the two you are applying, because Annex ZA of EN ISO 14971:2019/A11:2021 does not list points 1, 2 or 7 among the requirements it covers, so those are argued from the Regulation and not from the standard.
A15: MDR | B15: Method for the benefit-risk determination and its acceptability criteria | C15: Annex I points 1 and 8 require risks and undesirable side-effects to be acceptable when weighed against the benefits. Say how clinical benefit is characterised (nature, magnitude, probability, duration) and against what the residual risk is weighed.
A16: FDA | B16: Integration with the QMS processes FDA inspects | C16: 21 CFR 820.7 incorporates ISO 13485:2016, so risk management is inspected through Clauses 4.1.2 b), 7.1 and the design, purchasing, production and measurement clauses. Say which procedures carry the risk interface, because that is the trail an investigator walks.
... A21: Both | B21: Plan revision control | C21: Clause 4.4 requires changes to the plan to be recorded in the risk management file. A plan at revision 1 alongside a risk table at revision 7 is a finding on its own.

Sheet Scales
A1: Scales, combination table and acceptability criteria
A2: EXAMPLES. ISO 14971:2019 Clause 4.4 d) requires the manufacturer to define its own criteria in the risk management plan. Replace every value on this sheet and record the rationale.
A4: Severity of harm
A5: Level | B5: Label | C5: Description | E5: MDR reporting relevance
A6: 5 | B6: Catastrophic | C6: Results in patient death. | E6: Serious incident (Article 2(65)); reportable
A7: 4 | B7: Critical | C7: Results in permanent impairment of a body function or permanent damage to a body structure, or a life-threatening illness or injury. | E7: Serious incident; reportable
A8: 3 | B8: Serious | C8: Results in injury or impairment requiring professional medical intervention. | E8: Likely a serious deterioration in state of health; assess reportability
A9: 2 | B9: Minor | C9: Results in temporary injury or impairment not requiring professional medical intervention. | E9: Usually not a serious incident; feeds trend reporting
A10: 1 | B10: Negligible | C10: Inconvenience or temporary discomfort. | E10: Not a serious incident; feeds trend reporting
A11: P1 - probability of the hazardous situation arising
A12: Per device per year of use, unless the plan states another basis. State the basis; a band with no basis cannot be defended.
A13: Level | B13: Label | C13: Quantitative band | E13: log10 midpoint used below
A14: 5 | B14: Frequent | C14: greater than or equal to 1 in 1,000 | E14: -2.5
A15: 4 | B15: Probable | C15: 1 in 1,000 to 1 in 10,000 | E15: -3.5
A16: 3 | B16: Occasional | C16: 1 in 10,000 to 1 in 100,000 | E16: -4.5
A17: 2 | B17: Remote | C17: 1 in 100,000 to 1 in 1,000,000 | E17: -5.5
A18: 1 | B18: Improbable | C18: less than 1 in 1,000,000 | E18: -6.5
A20: P2 - conditional probability that the hazardous situation leads to the harm
A21: A conditional probability, so it is dimensionless. It carries the clinical argument: who is exposed, for how long, whether the harm is detectable and reversible, and whether anyone intervenes in time.
A22: Level | B22: Label | C22: Conditional probability band | E22: log10 midpoint used below
A23: 5 | B23: Almost certain | C23: greater than 0.9 | E23: 0
A24: 4 | B24: Likely | C24: 0.1 to 0.9 | E24: -0.7
A25: 3 | B25: Possible | C25: 0.01 to 0.1 | E25: -1.5
A26: 2 | B26: Unlikely | C26: 0.001 to 0.01 | E26: -2.5
A27: 1 | B27: Very unlikely | C27: less than 0.001 | E27: -3.5
A29: Combined probability of harm: P1 x P2
A30: Derived, not asserted. Combined log10 = P1 midpoint + P2 midpoint, banded at -3, -4, -5 and -6. The derivation is shown so a reviewer can audit it; if you change a midpoint, change the table.
A31: P1 \ P2 | B31: P2 = 5 | C31: P2 = 4 | D31: P2 = 3 | E31: P2 = 2 | F31: P2 = 1
A32: P1 = 5 | B32: 5 | C32: 4 | D32: 4 | E32: 3 | F32: 2
A33: P1 = 4 | B33: 4 | C33: 3 | D33: 3 | E33: 2 | F33: 1
A34: P1 = 3 | B34: 3 | C34: 2 | D34: 2 | E34: 1 | F34: 1
A35: P1 = 2 | B35: 2 | C35: 1 | D35: 1 | E35: 1 | F35: 1
A36: P1 = 1 | B36: 1 | C36: 1 | D36: 1 | E36: 1 | F36: 1
A38: Risk acceptability matrix (example criteria)
A39: Two regions only. ISO 14971:2019 does not use a three-region ALARP matrix; an amber 'acceptable with justification' band is a hold-over from the 2007 edition. A 'Not acceptable' verdict routes to further risk control and, if none is practicable, to a benefit-risk analysis under Clause 7.4.
A40: An 'Acceptable' verdict does not end the obligation. MDR Annex I point 4 requires the order of priority to be worked, and point 2 sets the only permitted limit on how far: without adversely affecting the benefit-risk ratio. Record why no further control was practicable.
A41: P \ S | B41: S = 1 | C41: S = 2 | D41: S = 3 | E41: S = 4 | F41: S = 5
A42: P = 5 | B42: Acceptable | C42: Not acceptable | D42: Not acceptable | E42: Not acceptable | F42: Not acceptable
A43: P = 4 | B43: Acceptable | C43: Acceptable | D43: Not acceptable | E43: Not acceptable | F43: Not acceptable
A44: P = 3 | B44: Acceptable | C44: Acceptable | D44: Not acceptable | E44: Not acceptable | F44: Not acceptable
A45: P = 2 | B45: Acceptable | C45: Acceptable | D45: Acceptable | E45: Not acceptable | F45: Not acceptable
A46: P = 1 | B46: Acceptable | C46: Acceptable | D46: Acceptable | E46: Acceptable | F46: Not acceptable
A48: Probability cannot be estimated
A49: Clause 4.4 d) requires the criteria to cover this case. Example rule, which you should replace: where the probability of occurrence of harm cannot be estimated, evaluate the risk on severity alone and treat severity 3 or above as not acceptable until a risk control is in place. Enter P1 = 0 on 'Hazard Analysis' to invoke this rule; the risk level column returns 'Severity only'.

Sheet Hazard Analysis
A1: Hazard analysis and risk evaluation
A2: One row per hazardous situation, not per hazard. A single hazard reaches several hazardous situations by several sequences, and each carries its own probability. Columns L to O and U to X are formulas.
A4: ID | B4: Device function or part | C4: Hazard (category) | D4: Foreseeable sequence of events (Clause 5.4) | E4: Hazardous situation (Clause 5.4) | F4: Harm (Clause 5.5) | G4: MDR Annex I GSPR link | H4: P1 init | I4: P2 init | J4: S init | K4: Basis for the estimate (record or source) | L4: P init | M4: Initial risk (formula) | N4: Risk index | O4: Control needed? (formula) | P4: Primary control ID | Q4: Ctrl cat | R4: P1 res | S4: P2 res | T4: S res | U4: P res | V4: Residual risk (formula) | W4: Benefit-risk needed? (formula) | X4: Completeness check (formula) | Y4: New risk from the control? | Z4: Residual risk disclosure (IFU or label ref) | AA4: Status
A5: HZ-01 | B5: Pumping mechanism and administration set | C5: Energy - mechanical (unintended delivery) | D5: Downstream occlusion raises pressure in the compliant administration set; the occlusion clears and the stored volume is released before the pump can decompress the line. | E5: Patient receives a bolus of drug well above the prescribed rate. | F5: Over-infusion: hypotension and respiratory depression. | G5: 1, 4, 14.2(a), 21.1, 21.2 | H5: 4 | I5: 4 | J5: 4 | K5: Complaint trend CT-2025-041; bench test BT-114 (post-occlusion bolus volume). | L5: =IF($H5="","",IF($H5=0,"n/e",INDEX(Scales!$B$32:$F$36,6-$H5,6-$I5))) -> 3 | M5: =IF($L5="","",IF($L5="n/e",IF($J5>=3,"Not acceptable (S only)","Acceptable (S only)"),INDEX(Scales!$B$42:$F$46,6-$L5,$J5))) -> Not acceptable | N5: =IF(OR($L5="",$L5="n/e"),"",$L5*$J5) -> 12 | O5: =IF($M5="","",IF(LEFT($M5,3)="Not","Yes - Clause 7.1","Consider AFAP")) -> Yes - Clause 7.1 | P5: RC-01 | Q5: 1 | R5: 2 | S5: 4 | T5: 4 | U5: =IF($R5="","",IF($R5=0,"n/e",INDEX(Scales!$B$32:$F$36,6-$R5,6-$S5))) -> 1 | V5: =IF($U5="","",IF($U5="n/e",IF($T5>=3,"Not acceptable (S only)","Acceptable (S only)"),INDEX(Scales!$B$42:$F$46,6-$U5,$T5))) -> Acceptable | W5: =IF($V5="","",IF(LEFT($V5,3)="Not","Yes - Clause 7.4","No")) -> No | X5: =IF($A5="","",IF($G5="","GSPR link missing",IF($K5="","Basis for estimate missing",IF(AND(LEFT($O5,3)="Yes",$P5=""),"Risk control missing",IF(AND($P5<>"",COUNTIF('Risk Controls'!$A:$A,$P5)=0),"Control not on Risk Controls",IF(AND($P5<>"",$R5=""),"Residual risk not estimated",IF(AND($P5<>"",COUNTIFS('Risk Controls'!$A:$A,$P5,'Risk Controls'!$H:$H,"<>")=0),"Effectiveness not verified",IF(AND($Q5=3,$Z5=""),"Disclosure reference missing",IF(AND(LEFT($W5,3)="Yes",COUNTIF('Benefit-Risk'!$A:$A,$A5)=0),"Benefit-risk record missing","Complete"))))))))) -> Complete | Y5: Y - see HZ-17 (nuisance alarms) | AA5: Closed
A6: HZ-02 | B6: Administration set and roller clamp | C6: Energy - mechanical (free flow) | D6: User removes the administration set from the pump door without closing the roller clamp; the head height of the reservoir drives gravity flow to the patient. | E6: Patient is exposed to uncontrolled gravity infusion. | F6: Over-infusion: overdose, death. | G6: 1, 4, 5, 21.1, 21.2 | H6: 4 | I6: 5 | J6: 5 | K6: Use-related risk analysis URA-07; formative usability study US-03 (4 of 15 participants). | L6: =IF($H6="","",IF($H6=0,"n/e",INDEX(Scales!$B$32:$F$36,6-$H6,6-$I6))) -> 4 | M6: =IF($L6="","",IF($L6="n/e",IF($J6>=3,"Not acceptable (S only)","Acceptable (S only)"),INDEX(Scales!$B$42:$F$46,6-$L6,$J6))) -> Not acceptable | N6: =IF(OR($L6="",$L6="n/e"),"",$L6*$J6) -> 20 | O6: =IF($M6="","",IF(LEFT($M6,3)="Not","Yes - Clause 7.1","Consider AFAP")) -> Yes - Clause 7.1 | P6: RC-02 | Q6: 1 | R6: 2 | S6: 5 | T6: 5 | U6: =IF($R6="","",IF($R6=0,"n/e",INDEX(Scales!$B$32:$F$36,6-$R6,6-$S6))) -> 2 | V6: =IF($U6="","",IF($U6="n/e",IF($T6>=3,"Not acceptable (S only)","Acceptable (S only)"),INDEX(Scales!$B$42:$F$46,6-$U6,$T6))) -> Not acceptable | W6: =IF($V6="","",IF(LEFT($V6,3)="Not","Yes - Clause 7.4","No")) -> Yes - Clause 7.4 | X6: =IF($A6="","",IF($G6="","GSPR link missing",IF($K6="","Basis for estimate missing",IF(AND(LEFT($O6,3)="Yes",$P6=""),"Risk control missing",IF(AND($P6<>"",COUNTIF('Risk Controls'!$A:$A,$P6)=0),"Control not on Risk Controls",IF(AND($P6<>"",$R6=""),"Residual risk not estimated",IF(AND($P6<>"",COUNTIFS('Risk Controls'!$A:$A,$P6,'Risk Controls'!$H:$H,"<>")=0),"Effectiveness not verified",IF(AND($Q6=3,$Z6=""),"Disclosure reference missing",IF(AND(LEFT($W6,3)="Yes",COUNTIF('Benefit-Risk'!$A:$A,$A6)=0),"Benefit-risk record missing","Complete"))))))))) -> Complete | Y6: N | AA6: Closed
A7: HZ-03 | B7: Air-in-line detector | C7: Energy and materials - air embolism | D7: Reservoir empties; air enters the fluid path; at low flow rates the bubble size stays below the detector's sensitivity threshold and accumulates undetected. | E7: Air bolus present in the venous line. | F7: Air embolism: stroke, death. | G7: 1, 4, 14.2(e), 21.2 | H7: 3 | I7: 3 | J7: 5 | K7: Detector characterisation report DR-22; literature on embolism thresholds by bolus volume. | L7: =IF($H7="","",IF($H7=0,"n/e",INDEX(Scales!$B$32:$F$36,6-$H7,6-$I7))) -> 2 | M7: =IF($L7="","",IF($L7="n/e",IF($J7>=3,"Not acceptable (S only)","Acceptable (S only)"),INDEX(Scales!$B$42:$F$46,6-$L7,$J7))) -> Not acceptable | N7: =IF(OR($L7="",$L7="n/e"),"",$L7*$J7) -> 10 | O7: =IF($M7="","",IF(LEFT($M7,3)="Not","Yes - Clause 7.1","Consider AFAP")) -> Yes - Clause 7.1 | P7: RC-03 | Q7: 2 | R7: 2 | S7: 3 | T7: 5 | U7: =IF($R7="","",IF($R7=0,"n/e",INDEX(Scales!$B$32:$F$36,6-$R7,6-$S7))) -> 1 | V7: =IF($U7="","",IF($U7="n/e",IF($T7>=3,"Not acceptable (S only)","Acceptable (S only)"),INDEX(Scales!$B$42:$F$46,6-$U7,$T7))) -> Not acceptable | W7: =IF($V7="","",IF(LEFT($V7,3)="Not","Yes - Clause 7.4","No")) -> Yes - Clause 7.4 | X7: =IF($A7="","",IF($G7="","GSPR link missing",IF($K7="","Basis for estimate missing",IF(AND(LEFT($O7,3)="Yes",$P7=""),"Risk control missing",IF(AND($P7<>"",COUNTIF('Risk Controls'!$A:$A,$P7)=0),"Control not on Risk Controls",IF(AND($P7<>"",$R7=""),"Residual risk not estimated",IF(AND($P7<>"",COUNTIFS('Risk Controls'!$A:$A,$P7,'Risk Controls'!$H:$H,"<>")=0),"Effectiveness not verified",IF(AND($Q7=3,$Z7=""),"Disclosure reference missing",IF(AND(LEFT($W7,3)="Yes",COUNTIF('Benefit-Risk'!$A:$A,$A7)=0),"Benefit-risk record missing","Complete"))))))))) -> Complete | Y7: N | AA7: Closed
A8: HZ-04 | B8: User interface - rate programming | C8: Use error - data entry | D8: Clinician mis-keys a decimal point and enters ten times the intended rate; the confirmation screen displays the number without the drug and unit context needed to catch it. | E8: Pump is set to deliver ten times the prescribed rate. | F8: Over-infusion: overdose. | G8: 1, 5, 14.6, 21.1, 21.3 | H8: 4 | I8: 4 | J8: 4 | K8: Use-related risk analysis URA-11; summative usability study US-09 to IEC 62366-1. | L8: =IF($H8="","",IF($H8=0,"n/e",INDEX(Scales!$B$32:$F$36,6-$H8,6-$I8))) -> 3 | M8: =IF($L8="","",IF($L8="n/e",IF($J8>=3,"Not acceptable (S only)","Acceptable (S only)"),INDEX(Scales!$B$42:$F$46,6-$L8,$J8))) -> Not acceptable | N8: =IF(OR($L8="",$L8="n/e"),"",$L8*$J8) -> 12 | O8: =IF($M8="","",IF(LEFT($M8,3)="Not","Yes - Clause 7.1","Consider AFAP")) -> Yes - Clause 7.1 | P8: RC-04 | Q8: 2 | R8: 2 | S8: 4 | T8: 4 | U8: =IF($R8="","",IF($R8=0,"n/e",INDEX(Scales!$B$32:$F$36,6-$R8,6-$S8))) -> 1 | V8: =IF($U8="","",IF($U8="n/e",IF($T8>=3,"Not acceptable (S only)","Acceptable (S only)"),INDEX(Scales!$B$42:$F$46,6-$U8,$T8))) -> Acceptable | W8: =IF($V8="","",IF(LEFT($V8,3)="Not","Yes - Clause 7.4","No")) -> No | X8: =IF($A8="","",IF($G8="","GSPR link missing",IF($K8="","Basis for estimate missing",IF(AND(LEFT($O8,3)="Yes",$P8=""),"Risk control missing",IF(AND($P8<>"",COUNTIF('Risk Controls'!$A:$A,$P8)=0),"Control not on Risk Controls",IF(AND($P8<>"",$R8=""),"Residual risk not estimated",IF(AND($P8<>"",COUNTIFS('Risk Controls'!$A:$A,$P8,'Risk Controls'!$H:$H,"<>")=0),"Effectiveness not verified",IF(AND($Q8=3,$Z8=""),"Disclosure reference missing",IF(AND(LEFT($W8,3)="Yes",COUNTIF('Benefit-Risk'!$A:$A,$A8)=0),"Benefit-risk record missing","Complete"))))))))) -> Complete | Y8: Y - see HZ-18 (limit override workaround) | AA8: Open
A9: HZ-05 | B9: Battery and power management | C9: Energy - loss of power | D9: Battery capacity degrades with cycling; the remaining-time indicator is computed from nominal rather than measured capacity, so the pump reaches cut-off earlier than the display predicts. | E9: Therapy is interrupted without usable warning. | F9: Under-infusion: loss of therapy; for a vasoactive drug, haemodynamic collapse. | G9: 1, 4, 18.1, 18.2 | H9: 3 | I9: 4 | J9: 4 | K9: Battery cycle-life test BT-208; field data on service age at failure. | L9: =IF($H9="","",IF($H9=0,"n/e",INDEX(Scales!$B$32:$F$36,6-$H9,6-$I9))) -> 2 | M9: =IF($L9="","",IF($L9="n/e",IF($J9>=3,"Not acceptable (S only)","Acceptable (S only)"),INDEX(Scales!$B$42:$F$46,6-$L9,$J9))) -> Not acceptable | N9: =IF(OR($L9="",$L9="n/e"),"",$L9*$J9) -> 8 | O9: =IF($M9="","",IF(LEFT($M9,3)="Not","Yes - Clause 7.1","Consider AFAP")) -> Yes - Clause 7.1 | P9: RC-05 | Q9: 2 | R9: 2 | S9: 4 | T9: 4 | U9: =IF($R9="","",IF($R9=0,"n/e",INDEX(Scales!$B$32:$F$36,6-$R9,6-$S9))) -> 1 | V9: =IF($U9="","",IF($U9="n/e",IF($T9>=3,"Not acceptable (S only)","Acceptable (S only)"),INDEX(Scales!$B$42:$F$46,6-$U9,$T9))) -> Acceptable | W9: =IF($V9="","",IF(LEFT($V9,3)="Not","Yes - Clause 7.4","No")) -> No | X9: =IF($A9="","",IF($G9="","GSPR link missing",IF($K9="","Basis for estimate missing",IF(AND(LEFT($O9,3)="Yes",$P9=""),"Risk control missing",IF(AND($P9<>"",COUNTIF('Risk Controls'!$A:$A,$P9)=0),"Control not on Risk Controls",IF(AND($P9<>"",$R9=""),"Residual risk not estimated",IF(AND($P9<>"",COUNTIFS('Risk Controls'!$A:$A,$P9,'Risk Controls'!$H:$H,"<>")=0),"Effectiveness not verified",IF(AND($Q9=3,$Z9=""),"Disclosure reference missing",IF(AND(LEFT($W9,3)="Yes",COUNTIF('Benefit-Risk'!$A:$A,$A9)=0),"Benefit-risk record missing","Complete"))))))))) -> Complete | Y9: N | AA9: Closed
A10: HZ-06 | B10: Software - weight-based dose calculation | C10: Information - incorrect output | D10: The unit-conversion routine truncates instead of rounding when patient weight is entered in pounds, so the computed dose is systematically low for some weights. | E10: Pump is set to deliver a dose below the prescription. | F10: Under-infusion: therapeutic failure. | G10: 1, 17.1, 17.2, 21.1 | H10: 2 | I10: 4 | J10: 3 | K10: Software anomaly SA-31; unit test suite UT-dose; code review CR-14 (IEC 62304 Class C). | L10: =IF($H10="","",IF($H10=0,"n/e",INDEX(Scales!$B$32:$F$36,6-$H10,6-$I10))) -> 1 | M10: =IF($L10="","",IF($L10="n/e",IF($J10>=3,"Not acceptable (S only)","Acceptable (S only)"),INDEX(Scales!$B$42:$F$46,6-$L10,$J10))) -> Acceptable | N10: =IF(OR($L10="",$L10="n/e"),"",$L10*$J10) -> 3 | O10: =IF($M10="","",IF(LEFT($M10,3)="Not","Yes - Clause 7.1","Consider AFAP")) -> Consider AFAP | P10: RC-06 | Q10: 1 | R10: 1 | S10: 4 | T10: 3 | U10: =IF($R10="","",IF($R10=0,"n/e",INDEX(Scales!$B$32:$F$36,6-$R10,6-$S10))) -> 1 | V10: =IF($U10="","",IF($U10="n/e",IF($T10>=3,"Not acceptable (S only)","Acceptable (S only)"),INDEX(Scales!$B$42:$F$46,6-$U10,$T10))) -> Acceptable | W10: =IF($V10="","",IF(LEFT($V10,3)="Not","Yes - Clause 7.4","No")) -> No | X10: =IF($A10="","",IF($G10="","GSPR link missing",IF($K10="","Basis for estimate missing",IF(AND(LEFT($O10,3)="Yes",$P10=""),"Risk control missing",IF(AND($P10<>"",COUNTIF('Risk Controls'!$A:$A,$P10)=0),"Control not on Risk Controls",IF(AND($P10<>"",$R10=""),"Residual risk not estimated",IF(AND($P10<>"",COUNTIFS('Risk Controls'!$A:$A,$P10,'Risk Controls'!$H:$H,"<>")=0),"Effectiveness not verified",IF(AND($Q10=3,$Z10=""),"Disclosure reference missing",IF(AND(LEFT($W10,3)="Yes",COUNTIF('Benefit-Risk'!$A:$A,$A10)=0),"Benefit-risk record missing","Complete"))))))))) -> Complete | Y10: N | AA10: Closed
A11: HZ-07 | B11: Wireless drug-library update | C11: Information - security | D11: An update package is accepted over the hospital network without authentication of its origin or integrity, replacing the hard dose limits on every pump that receives it. | E11: Hard dose limits are absent or wrong across a fleet of pumps. | F11: Over-infusion affecting multiple patients. | G11: 1, 14.2(d), 17.2, 17.4, 18.8 | H11: 2 | I11: 3 | J11: 5 | K11: Threat model TM-03; penetration test PT-09; SBOM review. | L11: =IF($H11="","",IF($H11=0,"n/e",INDEX(Scales!$B$32:$F$36,6-$H11,6-$I11))) -> 1 | M11: =IF($L11="","",IF($L11="n/e",IF($J11>=3,"Not acceptable (S only)","Acceptable (S only)"),INDEX(Scales!$B$42:$F$46,6-$L11,$J11))) -> Not acceptable | N11: =IF(OR($L11="",$L11="n/e"),"",$L11*$J11) -> 5 | O11: =IF($M11="","",IF(LEFT($M11,3)="Not","Yes - Clause 7.1","Consider AFAP")) -> Yes - Clause 7.1 | P11: RC-07 | Q11: 1 | R11: 1 | S11: 3 | T11: 5 | U11: =IF($R11="","",IF($R11=0,"n/e",INDEX(Scales!$B$32:$F$36,6-$R11,6-$S11))) -> 1 | V11: =IF($U11="","",IF($U11="n/e",IF($T11>=3,"Not acceptable (S only)","Acceptable (S only)"),INDEX(Scales!$B$42:$F$46,6-$U11,$T11))) -> Not acceptable | W11: =IF($V11="","",IF(LEFT($V11,3)="Not","Yes - Clause 7.4","No")) -> Yes - Clause 7.4 | X11: =IF($A11="","",IF($G11="","GSPR link missing",IF($K11="","Basis for estimate missing",IF(AND(LEFT($O11,3)="Yes",$P11=""),"Risk control missing",IF(AND($P11<>"",COUNTIF('Risk Controls'!$A:$A,$P11)=0),"Control not on Risk Controls",IF(AND($P11<>"",$R11=""),"Residual risk not estimated",IF(AND($P11<>"",COUNTIFS('Risk Controls'!$A:$A,$P11,'Risk Controls'!$H:$H,"<>")=0),"Effectiveness not verified",IF(AND($Q11=3,$Z11=""),"Disclosure reference missing",IF(AND(LEFT($W11,3)="Yes",COUNTIF('Benefit-Risk'!$A:$A,$A11)=0),"Benefit-risk record missing","Complete"))))))))) -> Complete | Y11: N | AA11: Open
A12: HZ-08 | B12: Fluid path sterile barrier | C12: Biological - contamination | D12: Pouch seal strength is specified below what the distribution profile demands; the seal channels in transit and the breach is not visible to the user at the point of use. | E12: Non-sterile fluid path is placed in contact with the bloodstream. | F12: Bloodstream infection: sepsis. | G12: 1, 11.1, 11.4, 11.7 | H12: 2 | I12: 3 | J12: 4 | K12: Package validation PV-05 to ISO 11607-1 and -2; distribution test to ASTM D4169. | L12: =IF($H12="","",IF($H12=0,"n/e",INDEX(Scales!$B$32:$F$36,6-$H12,6-$I12))) -> 1 | M12: =IF($L12="","",IF($L12="n/e",IF($J12>=3,"Not acceptable (S only)","Acceptable (S only)"),INDEX(Scales!$B$42:$F$46,6-$L12,$J12))) -> Acceptable | N12: =IF(OR($L12="",$L12="n/e"),"",$L12*$J12) -> 4 | O12: =IF($M12="","",IF(LEFT($M12,3)="Not","Yes - Clause 7.1","Consider AFAP")) -> Consider AFAP | P12: RC-08 | Q12: 1 | R12: 1 | S12: 3 | T12: 4 | U12: =IF($R12="","",IF($R12=0,"n/e",INDEX(Scales!$B$32:$F$36,6-$R12,6-$S12))) -> 1 | V12: =IF($U12="","",IF($U12="n/e",IF($T12>=3,"Not acceptable (S only)","Acceptable (S only)"),INDEX(Scales!$B$42:$F$46,6-$U12,$T12))) -> Acceptable | W12: =IF($V12="","",IF(LEFT($V12,3)="Not","Yes - Clause 7.4","No")) -> No | X12: =IF($A12="","",IF($G12="","GSPR link missing",IF($K12="","Basis for estimate missing",IF(AND(LEFT($O12,3)="Yes",$P12=""),"Risk control missing",IF(AND($P12<>"",COUNTIF('Risk Controls'!$A:$A,$P12)=0),"Control not on Risk Controls",IF(AND($P12<>"",$R12=""),"Residual risk not estimated",IF(AND($P12<>"",COUNTIFS('Risk Controls'!$A:$A,$P12,'Risk Controls'!$H:$H,"<>")=0),"Effectiveness not verified",IF(AND($Q12=3,$Z12=""),"Disclosure reference missing",IF(AND(LEFT($W12,3)="Yes",COUNTIF('Benefit-Risk'!$A:$A,$A12)=0),"Benefit-risk record missing","Complete"))))))))) -> Complete | Y12: N | AA12: Closed
A13: HZ-09 | B13: Administration set material | C13: Biological - chemical (leachables) | D13: A lipophilic drug is infused over 24 hours through a plasticised PVC set; the plasticiser partitions into the drug solution and is delivered to the patient. | E13: Patient is exposed to the plasticiser above the tolerable intake. | F13: Reproductive toxicity; long latency, not attributable at the time of use. | G13: 1, 10.1, 10.3, 10.4.1, 10.4.2 | H13: 5 | I13: 2 | J13: 3 | K13: Biological evaluation BE-02 to ISO 10993-1; extractables and leachables study EL-06; toxicological risk assessment TRA-03. | L13: =IF($H13="","",IF($H13=0,"n/e",INDEX(Scales!$B$32:$F$36,6-$H13,6-$I13))) -> 3 | M13: =IF($L13="","",IF($L13="n/e",IF($J13>=3,"Not acceptable (S only)","Acceptable (S only)"),INDEX(Scales!$B$42:$F$46,6-$L13,$J13))) -> Not acceptable | N13: =IF(OR($L13="",$L13="n/e"),"",$L13*$J13) -> 9 | O13: =IF($M13="","",IF(LEFT($M13,3)="Not","Yes - Clause 7.1","Consider AFAP")) -> Yes - Clause 7.1 | P13: RC-09 | Q13: 1 | R13: 1 | S13: 2 | T13: 3 | U13: =IF($R13="","",IF($R13=0,"n/e",INDEX(Scales!$B$32:$F$36,6-$R13,6-$S13))) -> 1 | V13: =IF($U13="","",IF($U13="n/e",IF($T13>=3,"Not acceptable (S only)","Acceptable (S only)"),INDEX(Scales!$B$42:$F$46,6-$U13,$T13))) -> Acceptable | W13: =IF($V13="","",IF(LEFT($V13,3)="Not","Yes - Clause 7.4","No")) -> No | X13: =IF($A13="","",IF($G13="","GSPR link missing",IF($K13="","Basis for estimate missing",IF(AND(LEFT($O13,3)="Yes",$P13=""),"Risk control missing",IF(AND($P13<>"",COUNTIF('Risk Controls'!$A:$A,$P13)=0),"Control not on Risk Controls",IF(AND($P13<>"",$R13=""),"Residual risk not estimated",IF(AND($P13<>"",COUNTIFS('Risk Controls'!$A:$A,$P13,'Risk Controls'!$H:$H,"<>")=0),"Effectiveness not verified",IF(AND($Q13=3,$Z13=""),"Disclosure reference missing",IF(AND(LEFT($W13,3)="Yes",COUNTIF('Benefit-Risk'!$A:$A,$A13)=0),"Benefit-risk record missing","Complete"))))))))) -> Complete | Y13: N | AA13: Closed
A14: HZ-10 | B14: Alarm system - audible alarm | C14: Information - alarm not perceived | D14: The device is used at home overnight; the occlusion alarm at the specified sound pressure level is masked by ambient noise and the sleeping patient does not wake. | E14: An occlusion persists undetected for several hours. | F14: Under-infusion: loss of therapy. | G14: 1, 5, 18.4, 21.2, 22.1 | H14: 3 | I14: 4 | J14: 3 | K14: Alarm audibility test AT-04 to IEC 60601-1-8; home-use environment characterisation HE-02. | L14: =IF($H14="","",IF($H14=0,"n/e",INDEX(Scales!$B$32:$F$36,6-$H14,6-$I14))) -> 2 | M14: =IF($L14="","",IF($L14="n/e",IF($J14>=3,"Not acceptable (S only)","Acceptable (S only)"),INDEX(Scales!$B$42:$F$46,6-$L14,$J14))) -> Acceptable | N14: =IF(OR($L14="",$L14="n/e"),"",$L14*$J14) -> 6 | O14: =IF($M14="","",IF(LEFT($M14,3)="Not","Yes - Clause 7.1","Consider AFAP")) -> Consider AFAP | P14: RC-10 | Q14: 2 | R14: 2 | S14: 3 | T14: 3 | U14: =IF($R14="","",IF($R14=0,"n/e",INDEX(Scales!$B$32:$F$36,6-$R14,6-$S14))) -> 1 | V14: =IF($U14="","",IF($U14="n/e",IF($T14>=3,"Not acceptable (S only)","Acceptable (S only)"),INDEX(Scales!$B$42:$F$46,6-$U14,$T14))) -> Acceptable | W14: =IF($V14="","",IF(LEFT($V14,3)="Not","Yes - Clause 7.4","No")) -> No | X14: =IF($A14="","",IF($G14="","GSPR link missing",IF($K14="","Basis for estimate missing",IF(AND(LEFT($O14,3)="Yes",$P14=""),"Risk control missing",IF(AND($P14<>"",COUNTIF('Risk Controls'!$A:$A,$P14)=0),"Control not on Risk Controls",IF(AND($P14<>"",$R14=""),"Residual risk not estimated",IF(AND($P14<>"",COUNTIFS('Risk Controls'!$A:$A,$P14,'Risk Controls'!$H:$H,"<>")=0),"Effectiveness not verified",IF(AND($Q14=3,$Z14=""),"Disclosure reference missing",IF(AND(LEFT($W14,3)="Yes",COUNTIF('Benefit-Risk'!$A:$A,$A14)=0),"Benefit-risk record missing","Complete"))))))))) -> Complete | Y14: N | AA14: Closed
A15: HZ-11 | B15: Durable pump enclosure - cleaning between patients | C15: Biological - cross-contamination | D15: The enclosure is wiped with a disinfectant not on the validated list; the material at a moulded joint degrades and retains residue and microbial load that the next clean does not remove. | E15: Residue and microbial load are transferred between patients. | F15: Cross-infection. | G15: 1, 11.1, 11.2 | H15: 3 | I15: 2 | J15: 3 | K15: Cleaning validation CV-03; material compatibility test MC-11 over 200 cycles. | L15: =IF($H15="","",IF($H15=0,"n/e",INDEX(Scales!$B$32:$F$36,6-$H15,6-$I15))) -> 1 | M15: =IF($L15="","",IF($L15="n/e",IF($J15>=3,"Not acceptable (S only)","Acceptable (S only)"),INDEX(Scales!$B$42:$F$46,6-$L15,$J15))) -> Acceptable | N15: =IF(OR($L15="",$L15="n/e"),"",$L15*$J15) -> 3 | O15: =IF($M15="","",IF(LEFT($M15,3)="Not","Yes - Clause 7.1","Consider AFAP")) -> Consider AFAP | P15: RC-11 | Q15: 3 | R15: 3 | S15: 2 | T15: 3 | U15: =IF($R15="","",IF($R15=0,"n/e",INDEX(Scales!$B$32:$F$36,6-$R15,6-$S15))) -> 1 | V15: =IF($U15="","",IF($U15="n/e",IF($T15>=3,"Not acceptable (S only)","Acceptable (S only)"),INDEX(Scales!$B$42:$F$46,6-$U15,$T15))) -> Acceptable | W15: =IF($V15="","",IF(LEFT($V15,3)="Not","Yes - Clause 7.4","No")) -> No | X15: =IF($A15="","",IF($G15="","GSPR link missing",IF($K15="","Basis for estimate missing",IF(AND(LEFT($O15,3)="Yes",$P15=""),"Risk control missing",IF(AND($P15<>"",COUNTIF('Risk Controls'!$A:$A,$P15)=0),"Control not on Risk Controls",IF(AND($P15<>"",$R15=""),"Residual risk not estimated",IF(AND($P15<>"",COUNTIFS('Risk Controls'!$A:$A,$P15,'Risk Controls'!$H:$H,"<>")=0),"Effectiveness not verified",IF(AND($Q15=3,$Z15=""),"Disclosure reference missing",IF(AND(LEFT($W15,3)="Yes",COUNTIF('Benefit-Risk'!$A:$A,$A15)=0),"Benefit-risk record missing","Complete"))))))))) -> Complete | Y15: N | Z15: IFU section 7.3; label symbol | AA15: Closed
A16: HZ-12 | B16: Administration set patient connector | C16: Energy - misconnection | D16: The set terminates in a connector that will physically mate with an enteral feeding port, and both routes are present at the bedside. | E16: An enteral route is connected to an intravenous port, or the reverse. | F16: Wrong-route administration: death. | G16: 1, 4, 14.1 | H16: 2 | I16: 5 | J16: 5 | K16: Connector conformance test CC-02 to ISO 80369-3 and -7; published wrong-route incident literature. | L16: =IF($H16="","",IF($H16=0,"n/e",INDEX(Scales!$B$32:$F$36,6-$H16,6-$I16))) -> 2 | M16: =IF($L16="","",IF($L16="n/e",IF($J16>=3,"Not acceptable (S only)","Acceptable (S only)"),INDEX(Scales!$B$42:$F$46,6-$L16,$J16))) -> Not acceptable | N16: =IF(OR($L16="",$L16="n/e"),"",$L16*$J16) -> 10 | O16: =IF($M16="","",IF(LEFT($M16,3)="Not","Yes - Clause 7.1","Consider AFAP")) -> Yes - Clause 7.1 | P16: RC-12 | Q16: 1 | R16: 1 | S16: 5 | T16: 5 | U16: =IF($R16="","",IF($R16=0,"n/e",INDEX(Scales!$B$32:$F$36,6-$R16,6-$S16))) -> 1 | V16: =IF($U16="","",IF($U16="n/e",IF($T16>=3,"Not acceptable (S only)","Acceptable (S only)"),INDEX(Scales!$B$42:$F$46,6-$U16,$T16))) -> Not acceptable | W16: =IF($V16="","",IF(LEFT($V16,3)="Not","Yes - Clause 7.4","No")) -> Yes - Clause 7.4 | X16: =IF($A16="","",IF($G16="","GSPR link missing",IF($K16="","Basis for estimate missing",IF(AND(LEFT($O16,3)="Yes",$P16=""),"Risk control missing",IF(AND($P16<>"",COUNTIF('Risk Controls'!$A:$A,$P16)=0),"Control not on Risk Controls",IF(AND($P16<>"",$R16=""),"Residual risk not estimated",IF(AND($P16<>"",COUNTIFS('Risk Controls'!$A:$A,$P16,'Risk Controls'!$H:$H,"<>")=0),"Effectiveness not verified",IF(AND($Q16=3,$Z16=""),"Disclosure reference missing",IF(AND(LEFT($W16,3)="Yes",COUNTIF('Benefit-Risk'!$A:$A,$A16)=0),"Benefit-risk record missing","Complete"))))))))) -> Complete | Y16: N | AA16: Closed
A17: HZ-13 | B17: Transport and storage | C17: Environmental - temperature | D17: The device is left in a vehicle overnight below the specified storage range; the display and battery fall out of specification and the device fails its power-on self-test. | E17: Therapy cannot be started when it is needed. | F17: Delay of therapy. | G17: 1, 7, 14.2(b), 23.4 | H17: 3 | I17: 3 | J17: 2 | K17: Environmental test ET-07; transport simulation TS-02. | L17: =IF($H17="","",IF($H17=0,"n/e",INDEX(Scales!$B$32:$F$36,6-$H17,6-$I17))) -> 2 | M17: =IF($L17="","",IF($L17="n/e",IF($J17>=3,"Not acceptable (S only)","Acceptable (S only)"),INDEX(Scales!$B$42:$F$46,6-$L17,$J17))) -> Acceptable | N17: =IF(OR($L17="",$L17="n/e"),"",$L17*$J17) -> 4 | O17: =IF($M17="","",IF(LEFT($M17,3)="Not","Yes - Clause 7.1","Consider AFAP")) -> Consider AFAP | P17: RC-13 | Q17: 3 | R17: 3 | S17: 3 | T17: 2 | U17: =IF($R17="","",IF($R17=0,"n/e",INDEX(Scales!$B$32:$F$36,6-$R17,6-$S17))) -> 2 | V17: =IF($U17="","",IF($U17="n/e",IF($T17>=3,"Not acceptable (S only)","Acceptable (S only)"),INDEX(Scales!$B$42:$F$46,6-$U17,$T17))) -> Acceptable | W17: =IF($V17="","",IF(LEFT($V17,3)="Not","Yes - Clause 7.4","No")) -> No | X17: =IF($A17="","",IF($G17="","GSPR link missing",IF($K17="","Basis for estimate missing",IF(AND(LEFT($O17,3)="Yes",$P17=""),"Risk control missing",IF(AND($P17<>"",COUNTIF('Risk Controls'!$A:$A,$P17)=0),"Control not on Risk Controls",IF(AND($P17<>"",$R17=""),"Residual risk not estimated",IF(AND($P17<>"",COUNTIFS('Risk Controls'!$A:$A,$P17,'Risk Controls'!$H:$H,"<>")=0),"Effectiveness not verified",IF(AND($Q17=3,$Z17=""),"Disclosure reference missing",IF(AND(LEFT($W17,3)="Yes",COUNTIF('Benefit-Risk'!$A:$A,$A17)=0),"Benefit-risk record missing","Complete"))))))))) -> Complete | Y17: N | Z17: IFU section 4.1; carton label | AA17: Closed
A18: HZ-14 | B18: Disposal of the used administration set | C18: Environmental and biological - third-party exposure | D18: A home user disposes of a set holding residual cytotoxic drug in general household waste; a carer or waste handler contacts the residue. | E18: A third party is exposed to cytotoxic residue. | F18: Chemical injury to a carer or waste handler. | G18: 1, 14.7, 23.4 | H18: 3 | I18: 2 | J18: 3 | K18: Residual volume measurement RV-01; carer interviews in use-related risk analysis URA-14. | L18: =IF($H18="","",IF($H18=0,"n/e",INDEX(Scales!$B$32:$F$36,6-$H18,6-$I18))) -> 1 | M18: =IF($L18="","",IF($L18="n/e",IF($J18>=3,"Not acceptable (S only)","Acceptable (S only)"),INDEX(Scales!$B$42:$F$46,6-$L18,$J18))) -> Acceptable | N18: =IF(OR($L18="",$L18="n/e"),"",$L18*$J18) -> 3 | O18: =IF($M18="","",IF(LEFT($M18,3)="Not","Yes - Clause 7.1","Consider AFAP")) -> Consider AFAP | P18: RC-14 | Q18: 2 | R18: 2 | S18: 2 | T18: 3 | U18: =IF($R18="","",IF($R18=0,"n/e",INDEX(Scales!$B$32:$F$36,6-$R18,6-$S18))) -> 1 | V18: =IF($U18="","",IF($U18="n/e",IF($T18>=3,"Not acceptable (S only)","Acceptable (S only)"),INDEX(Scales!$B$42:$F$46,6-$U18,$T18))) -> Acceptable | W18: =IF($V18="","",IF(LEFT($V18,3)="Not","Yes - Clause 7.4","No")) -> No | X18: =IF($A18="","",IF($G18="","GSPR link missing",IF($K18="","Basis for estimate missing",IF(AND(LEFT($O18,3)="Yes",$P18=""),"Risk control missing",IF(AND($P18<>"",COUNTIF('Risk Controls'!$A:$A,$P18)=0),"Control not on Risk Controls",IF(AND($P18<>"",$R18=""),"Residual risk not estimated",IF(AND($P18<>"",COUNTIFS('Risk Controls'!$A:$A,$P18,'Risk Controls'!$H:$H,"<>")=0),"Effectiveness not verified",IF(AND($Q18=3,$Z18=""),"Disclosure reference missing",IF(AND(LEFT($W18,3)="Yes",COUNTIF('Benefit-Risk'!$A:$A,$A18)=0),"Benefit-risk record missing","Complete"))))))))) -> Complete | Y18: N | Z18: IFU section 9; disposal pictogram | AA18: Open
A19: HZ-15 | B19: Pumping mechanism | C19: Pump failure | D19: Pump fails. | E19: Pump failure. | F19: Harm to patient. | H19: 2 | I19: 2 | J19: 3 | L19: =IF($H19="","",IF($H19=0,"n/e",INDEX(Scales!$B$32:$F$36,6-$H19,6-$I19))) -> 1 | M19: =IF($L19="","",IF($L19="n/e",IF($J19>=3,"Not acceptable (S only)","Acceptable (S only)"),INDEX(Scales!$B$42:$F$46,6-$L19,$J19))) -> Acceptable | N19: =IF(OR($L19="",$L19="n/e"),"",$L19*$J19) -> 3 | O19: =IF($M19="","",IF(LEFT($M19,3)="Not","Yes - Clause 7.1","Consider AFAP")) -> Consider AFAP | U19: =IF($R19="","",IF($R19=0,"n/e",INDEX(Scales!$B$32:$F$36,6-$R19,6-$S19))) | V19: =IF($U19="","",IF($U19="n/e",IF($T19>=3,"Not acceptable (S only)","Acceptable (S only)"),INDEX(Scales!$B$42:$F$46,6-$U19,$T19))) | W19: =IF($V19="","",IF(LEFT($V19,3)="Not","Yes - Clause 7.4","No")) | X19: =IF($A19="","",IF($G19="","GSPR link missing",IF($K19="","Basis for estimate missing",IF(AND(LEFT($O19,3)="Yes",$P19=""),"Risk control missing",IF(AND($P19<>"",COUNTIF('Risk Controls'!$A:$A,$P19)=0),"Control not on Risk Controls",IF(AND($P19<>"",$R19=""),"Residual risk not estimated",IF(AND($P19<>"",COUNTIFS('Risk Controls'!$A:$A,$P19,'Risk Controls'!$H:$H,"<>")=0),"Effectiveness not verified",IF(AND($Q19=3,$Z19=""),"Disclosure reference missing",IF(AND(LEFT($W19,3)="Yes",COUNTIF('Benefit-Risk'!$A:$A,$A19)=0),"Benefit-risk record missing","Complete"))))))))) -> GSPR link missing | AA19: Open
A20: HZ-16 | B20: User interface - alarm silence | C20: Use error - alarm silenced | D20: User silences the alarm. | E20: Alarm silenced. | F20: Delay of therapy. | G20: 1 | H20: 5 | I20: 5 | J20: 4 | K20: Engineering judgement. | L20: =IF($H20="","",IF($H20=0,"n/e",INDEX(Scales!$B$32:$F$36,6-$H20,6-$I20))) -> 5 | M20: =IF($L20="","",IF($L20="n/e",IF($J20>=3,"Not acceptable (S only)","Acceptable (S only)"),INDEX(Scales!$B$42:$F$46,6-$L20,$J20))) -> Not acceptable | N20: =IF(OR($L20="",$L20="n/e"),"",$L20*$J20) -> 20 | O20: =IF($M20="","",IF(LEFT($M20,3)="Not","Yes - Clause 7.1","Consider AFAP")) -> Yes - Clause 7.1 | P20: RC-16 | Q20: 3 | R20: 1 | S20: 1 | T20: 4 | U20: =IF($R20="","",IF($R20=0,"n/e",INDEX(Scales!$B$32:$F$36,6-$R20,6-$S20))) -> 1 | V20: =IF($U20="","",IF($U20="n/e",IF($T20>=3,"Not acceptable (S only)","Acceptable (S only)"),INDEX(Scales!$B$42:$F$46,6-$U20,$T20))) -> Acceptable | W20: =IF($V20="","",IF(LEFT($V20,3)="Not","Yes - Clause 7.4","No")) -> No | X20: =IF($A20="","",IF($G20="","GSPR link missing",IF($K20="","Basis for estimate missing",IF(AND(LEFT($O20,3)="Yes",$P20=""),"Risk control missing",IF(AND($P20<>"",COUNTIF('Risk Controls'!$A:$A,$P20)=0),"Control not on Risk Controls",IF(AND($P20<>"",$R20=""),"Residual risk not estimated",IF(AND($P20<>"",COUNTIFS('Risk Controls'!$A:$A,$P20,'Risk Controls'!$H:$H,"<>")=0),"Effectiveness not verified",IF(AND($Q20=3,$Z20=""),"Disclosure reference missing",IF(AND(LEFT($W20,3)="Yes",COUNTIF('Benefit-Risk'!$A:$A,$A20)=0),"Benefit-risk record missing","Complete"))))))))) -> Effectiveness not verified | Y20: N | AA20: Closed
L21: =IF($H21="","",IF($H21=0,"n/e",INDEX(Scales!$B$32:$F$36,6-$H21,6-$I21))) | M21: =IF($L21="","",IF($L21="n/e",IF($J21>=3,"Not acceptable (S only)","Acceptable (S only)"),INDEX(Scales!$B$42:$F$46,6-$L21,$J21))) | N21: =IF(OR($L21="",$L21="n/e"),"",$L21*$J21) | O21: =IF($M21="","",IF(LEFT($M21,3)="Not","Yes - Clause 7.1","Consider AFAP")) | U21: =IF($R21="","",IF($R21=0,"n/e",INDEX(Scales!$B$32:$F$36,6-$R21,6-$S21))) | V21: =IF($U21="","",IF($U21="n/e",IF($T21>=3,"Not acceptable (S only)","Acceptable (S only)"),INDEX(Scales!$B$42:$F$46,6-$U21,$T21))) | W21: =IF($V21="","",IF(LEFT($V21,3)="Not","Yes - Clause 7.4","No")) | X21: =IF($A21="","",IF($G21="","GSPR link missing",IF($K21="","Basis for estimate missing",IF(AND(LEFT($O21,3)="Yes",$P21=""),"Risk control missing",IF(AND($P21<>"",COUNTIF('Risk Controls'!$A:$A,$P21)=0),"Control not on Risk Controls",IF(AND($P21<>"",$R21=""),"Residual risk not estimated",IF(AND($P21<>"",COUNTIFS('Risk Controls'!$A:$A,$P21,'Risk Controls'!$H:$H,"<>")=0),"Effectiveness not verified",IF(AND($Q21=3,$Z21=""),"Disclosure reference missing",IF(AND(LEFT($W21,3)="Yes",COUNTIF('Benefit-Risk'!$A:$A,$A21)=0),"Benefit-risk record missing","Complete")))))))))
L22: =IF($H22="","",IF($H22=0,"n/e",INDEX(Scales!$B$32:$F$36,6-$H22,6-$I22))) | M22: =IF($L22="","",IF($L22="n/e",IF($J22>=3,"Not acceptable (S only)","Acceptable (S only)"),INDEX(Scales!$B$42:$F$46,6-$L22,$J22))) | N22: =IF(OR($L22="",$L22="n/e"),"",$L22*$J22) | O22: =IF($M22="","",IF(LEFT($M22,3)="Not","Yes - Clause 7.1","Consider AFAP")) | U22: =IF($R22="","",IF($R22=0,"n/e",INDEX(Scales!$B$32:$F$36,6-$R22,6-$S22))) | V22: =IF($U22="","",IF($U22="n/e",IF($T22>=3,"Not acceptable (S only)","Acceptable (S only)"),INDEX(Scales!$B$42:$F$46,6-$U22,$T22))) | W22: =IF($V22="","",IF(LEFT($V22,3)="Not","Yes - Clause 7.4","No")) | X22: =IF($A22="","",IF($G22="","GSPR link missing",IF($K22="","Basis for estimate missing",IF(AND(LEFT($O22,3)="Yes",$P22=""),"Risk control missing",IF(AND($P22<>"",COUNTIF('Risk Controls'!$A:$A,$P22)=0),"Control not on Risk Controls",IF(AND($P22<>"",$R22=""),"Residual risk not estimated",IF(AND($P22<>"",COUNTIFS('Risk Controls'!$A:$A,$P22,'Risk Controls'!$H:$H,"<>")=0),"Effectiveness not verified",IF(AND($Q22=3,$Z22=""),"Disclosure reference missing",IF(AND(LEFT($W22,3)="Yes",COUNTIF('Benefit-Risk'!$A:$A,$A22)=0),"Benefit-risk record missing","Complete")))))))))
L23: =IF($H23="","",IF($H23=0,"n/e",INDEX(Scales!$B$32:$F$36,6-$H23,6-$I23))) | M23: =IF($L23="","",IF($L23="n/e",IF($J23>=3,"Not acceptable (S only)","Acceptable (S only)"),INDEX(Scales!$B$42:$F$46,6-$L23,$J23))) | N23: =IF(OR($L23="",$L23="n/e"),"",$L23*$J23) | O23: =IF($M23="","",IF(LEFT($M23,3)="Not","Yes - Clause 7.1","Consider AFAP")) | U23: =IF($R23="","",IF($R23=0,"n/e",INDEX(Scales!$B$32:$F$36,6-$R23,6-$S23))) | V23: =IF($U23="","",IF($U23="n/e",IF($T23>=3,"Not acceptable (S only)","Acceptable (S only)"),INDEX(Scales!$B$42:$F$46,6-$U23,$T23))) | W23: =IF($V23="","",IF(LEFT($V23,3)="Not","Yes - Clause 7.4","No")) | X23: =IF($A23="","",IF($G23="","GSPR link missing",IF($K23="","Basis for estimate missing",IF(AND(LEFT($O23,3)="Yes",$P23=""),"Risk control missing",IF(AND($P23<>"",COUNTIF('Risk Controls'!$A:$A,$P23)=0),"Control not on Risk Controls",IF(AND($P23<>"",$R23=""),"Residual risk not estimated",IF(AND($P23<>"",COUNTIFS('Risk Controls'!$A:$A,$P23,'Risk Controls'!$H:$H,"<>")=0),"Effectiveness not verified",IF(AND($Q23=3,$Z23=""),"Disclosure reference missing",IF(AND(LEFT($W23,3)="Yes",COUNTIF('Benefit-Risk'!$A:$A,$A23)=0),"Benefit-risk record missing","Complete")))))))))
L24: =IF($H24="","",IF($H24=0,"n/e",INDEX(Scales!$B$32:$F$36,6-$H24,6-$I24))) | M24: =IF($L24="","",IF($L24="n/e",IF($J24>=3,"Not acceptable (S only)","Acceptable (S only)"),INDEX(Scales!$B$42:$F$46,6-$L24,$J24))) | N24: =IF(OR($L24="",$L24="n/e"),"",$L24*$J24) | O24: =IF($M24="","",IF(LEFT($M24,3)="Not","Yes - Clause 7.1","Consider AFAP")) | U24: =IF($R24="","",IF($R24=0,"n/e",INDEX(Scales!$B$32:$F$36,6-$R24,6-$S24))) | V24: =IF($U24="","",IF($U24="n/e",IF($T24>=3,"Not acceptable (S only)","Acceptable (S only)"),INDEX(Scales!$B$42:$F$46,6-$U24,$T24))) | W24: =IF($V24="","",IF(LEFT($V24,3)="Not","Yes - Clause 7.4","No")) | X24: =IF($A24="","",IF($G24="","GSPR link missing",IF($K24="","Basis for estimate missing",IF(AND(LEFT($O24,3)="Yes",$P24=""),"Risk control missing",IF(AND($P24<>"",COUNTIF('Risk Controls'!$A:$A,$P24)=0),"Control not on Risk Controls",IF(AND($P24<>"",$R24=""),"Residual risk not estimated",IF(AND($P24<>"",COUNTIFS('Risk Controls'!$A:$A,$P24,'Risk Controls'!$H:$H,"<>")=0),"Effectiveness not verified",IF(AND($Q24=3,$Z24=""),"Disclosure reference missing",IF(AND(LEFT($W24,3)="Yes",COUNTIF('Benefit-Risk'!$A:$A,$A24)=0),"Benefit-risk record missing","Complete")))))))))
L25: =IF($H25="","",IF($H25=0,"n/e",INDEX(Scales!$B$32:$F$36,6-$H25,6-$I25))) | M25: =IF($L25="","",IF($L25="n/e",IF($J25>=3,"Not acceptable (S only)","Acceptable (S only)"),INDEX(Scales!$B$42:$F$46,6-$L25,$J25))) | N25: =IF(OR($L25="",$L25="n/e"),"",$L25*$J25) | O25: =IF($M25="","",IF(LEFT($M25,3)="Not","Yes - Clause 7.1","Consider AFAP")) | U25: =IF($R25="","",IF($R25=0,"n/e",INDEX(Scales!$B$32:$F$36,6-$R25,6-$S25))) | V25: =IF($U25="","",IF($U25="n/e",IF($T25>=3,"Not acceptable (S only)","Acceptable (S only)"),INDEX(Scales!$B$42:$F$46,6-$U25,$T25))) | W25: =IF($V25="","",IF(LEFT($V25,3)="Not","Yes - Clause 7.4","No")) | X25: =IF($A25="","",IF($G25="","GSPR link missing",IF($K25="","Basis for estimate missing",IF(AND(LEFT($O25,3)="Yes",$P25=""),"Risk control missing",IF(AND($P25<>"",COUNTIF('Risk Controls'!$A:$A,$P25)=0),"Control not on Risk Controls",IF(AND($P25<>"",$R25=""),"Residual risk not estimated",IF(AND($P25<>"",COUNTIFS('Risk Controls'!$A:$A,$P25,'Risk Controls'!$H:$H,"<>")=0),"Effectiveness not verified",IF(AND($Q25=3,$Z25=""),"Disclosure reference missing",IF(AND(LEFT($W25,3)="Yes",COUNTIF('Benefit-Risk'!$A:$A,$A25)=0),"Benefit-risk record missing","Complete")))))))))
L26: =IF($H26="","",IF($H26=0,"n/e",INDEX(Scales!$B$32:$F$36,6-$H26,6-$I26))) | M26: =IF($L26="","",IF($L26="n/e",IF($J26>=3,"Not acceptable (S only)","Acceptable (S only)"),INDEX(Scales!$B$42:$F$46,6-$L26,$J26))) | N26: =IF(OR($L26="",$L26="n/e"),"",$L26*$J26) | O26: =IF($M26="","",IF(LEFT($M26,3)="Not","Yes - Clause 7.1","Consider AFAP")) | U26: =IF($R26="","",IF($R26=0,"n/e",INDEX(Scales!$B$32:$F$36,6-$R26,6-$S26))) | V26: =IF($U26="","",IF($U26="n/e",IF($T26>=3,"Not acceptable (S only)","Acceptable (S only)"),INDEX(Scales!$B$42:$F$46,6-$U26,$T26))) | W26: =IF($V26="","",IF(LEFT($V26,3)="Not","Yes - Clause 7.4","No")) | X26: =IF($A26="","",IF($G26="","GSPR link missing",IF($K26="","Basis for estimate missing",IF(AND(LEFT($O26,3)="Yes",$P26=""),"Risk control missing",IF(AND($P26<>"",COUNTIF('Risk Controls'!$A:$A,$P26)=0),"Control not on Risk Controls",IF(AND($P26<>"",$R26=""),"Residual risk not estimated",IF(AND($P26<>"",COUNTIFS('Risk Controls'!$A:$A,$P26,'Risk Controls'!$H:$H,"<>")=0),"Effectiveness not verified",IF(AND($Q26=3,$Z26=""),"Disclosure reference missing",IF(AND(LEFT($W26,3)="Yes",COUNTIF('Benefit-Risk'!$A:$A,$A26)=0),"Benefit-risk record missing","Complete")))))))))
L27: =IF($H27="","",IF($H27=0,"n/e",INDEX(Scales!$B$32:$F$36,6-$H27,6-$I27))) | M27: =IF($L27="","",IF($L27="n/e",IF($J27>=3,"Not acceptable (S only)","Acceptable (S only)"),INDEX(Scales!$B$42:$F$46,6-$L27,$J27))) | N27: =IF(OR($L27="",$L27="n/e"),"",$L27*$J27) | O27: =IF($M27="","",IF(LEFT($M27,3)="Not","Yes - Clause 7.1","Consider AFAP")) | U27: =IF($R27="","",IF($R27=0,"n/e",INDEX(Scales!$B$32:$F$36,6-$R27,6-$S27))) | V27: =IF($U27="","",IF($U27="n/e",IF($T27>=3,"Not acceptable (S only)","Acceptable (S only)"),INDEX(Scales!$B$42:$F$46,6-$U27,$T27))) | W27: =IF($V27="","",IF(LEFT($V27,3)="Not","Yes - Clause 7.4","No")) | X27: =IF($A27="","",IF($G27="","GSPR link missing",IF($K27="","Basis for estimate missing",IF(AND(LEFT($O27,3)="Yes",$P27=""),"Risk control missing",IF(AND($P27<>"",COUNTIF('Risk Controls'!$A:$A,$P27)=0),"Control not on Risk Controls",IF(AND($P27<>"",$R27=""),"Residual risk not estimated",IF(AND($P27<>"",COUNTIFS('Risk Controls'!$A:$A,$P27,'Risk Controls'!$H:$H,"<>")=0),"Effectiveness not verified",IF(AND($Q27=3,$Z27=""),"Disclosure reference missing",IF(AND(LEFT($W27,3)="Yes",COUNTIF('Benefit-Risk'!$A:$A,$A27)=0),"Benefit-risk record missing","Complete")))))))))
L28: =IF($H28="","",IF($H28=0,"n/e",INDEX(Scales!$B$32:$F$36,6-$H28,6-$I28))) | M28: =IF($L28="","",IF($L28="n/e",IF($J28>=3,"Not acceptable (S only)","Acceptable (S only)"),INDEX(Scales!$B$42:$F$46,6-$L28,$J28))) | N28: =IF(OR($L28="",$L28="n/e"),"",$L28*$J28) | O28: =IF($M28="","",IF(LEFT($M28,3)="Not","Yes - Clause 7.1","Consider AFAP")) | U28: =IF($R28="","",IF($R28=0,"n/e",INDEX(Scales!$B$32:$F$36,6-$R28,6-$S28))) | V28: =IF($U28="","",IF($U28="n/e",IF($T28>=3,"Not acceptable (S only)","Acceptable (S only)"),INDEX(Scales!$B$42:$F$46,6-$U28,$T28))) | W28: =IF($V28="","",IF(LEFT($V28,3)="Not","Yes - Clause 7.4","No")) | X28: =IF($A28="","",IF($G28="","GSPR link missing",IF($K28="","Basis for estimate missing",IF(AND(LEFT($O28,3)="Yes",$P28=""),"Risk control missing",IF(AND($P28<>"",COUNTIF('Risk Controls'!$A:$A,$P28)=0),"Control not on Risk Controls",IF(AND($P28<>"",$R28=""),"Residual risk not estimated",IF(AND($P28<>"",COUNTIFS('Risk Controls'!$A:$A,$P28,'Risk Controls'!$H:$H,"<>")=0),"Effectiveness not verified",IF(AND($Q28=3,$Z28=""),"Disclosure reference missing",IF(AND(LEFT($W28,3)="Yes",COUNTIF('Benefit-Risk'!$A:$A,$A28)=0),"Benefit-risk record missing","Complete")))))))))
L29: =IF($H29="","",IF($H29=0,"n/e",INDEX(Scales!$B$32:$F$36,6-$H29,6-$I29))) | M29: =IF($L29="","",IF($L29="n/e",IF($J29>=3,"Not acceptable (S only)","Acceptable (S only)"),INDEX(Scales!$B$42:$F$46,6-$L29,$J29))) | N29: =IF(OR($L29="",$L29="n/e"),"",$L29*$J29) | O29: =IF($M29="","",IF(LEFT($M29,3)="Not","Yes - Clause 7.1","Consider AFAP")) | U29: =IF($R29="","",IF($R29=0,"n/e",INDEX(Scales!$B$32:$F$36,6-$R29,6-$S29))) | V29: =IF($U29="","",IF($U29="n/e",IF($T29>=3,"Not acceptable (S only)","Acceptable (S only)"),INDEX(Scales!$B$42:$F$46,6-$U29,$T29))) | W29: =IF($V29="","",IF(LEFT($V29,3)="Not","Yes - Clause 7.4","No")) | X29: =IF($A29="","",IF($G29="","GSPR link missing",IF($K29="","Basis for estimate missing",IF(AND(LEFT($O29,3)="Yes",$P29=""),"Risk control missing",IF(AND($P29<>"",COUNTIF('Risk Controls'!$A:$A,$P29)=0),"Control not on Risk Controls",IF(AND($P29<>"",$R29=""),"Residual risk not estimated",IF(AND($P29<>"",COUNTIFS('Risk Controls'!$A:$A,$P29,'Risk Controls'!$H:$H,"<>")=0),"Effectiveness not verified",IF(AND($Q29=3,$Z29=""),"Disclosure reference missing",IF(AND(LEFT($W29,3)="Yes",COUNTIF('Benefit-Risk'!$A:$A,$A29)=0),"Benefit-risk record missing","Complete")))))))))
L30: =IF($H30="","",IF($H30=0,"n/e",INDEX(Scales!$B$32:$F$36,6-$H30,6-$I30))) | M30: =IF($L30="","",IF($L30="n/e",IF($J30>=3,"Not acceptable (S only)","Acceptable (S only)"),INDEX(Scales!$B$42:$F$46,6-$L30,$J30))) | N30: =IF(OR($L30="",$L30="n/e"),"",$L30*$J30) | O30: =IF($M30="","",IF(LEFT($M30,3)="Not","Yes - Clause 7.1","Consider AFAP")) | U30: =IF($R30="","",IF($R30=0,"n/e",INDEX(Scales!$B$32:$F$36,6-$R30,6-$S30))) | V30: =IF($U30="","",IF($U30="n/e",IF($T30>=3,"Not acceptable (S only)","Acceptable (S only)"),INDEX(Scales!$B$42:$F$46,6-$U30,$T30))) | W30: =IF($V30="","",IF(LEFT($V30,3)="Not","Yes - Clause 7.4","No")) | X30: =IF($A30="","",IF($G30="","GSPR link missing",IF($K30="","Basis for estimate missing",IF(AND(LEFT($O30,3)="Yes",$P30=""),"Risk control missing",IF(AND($P30<>"",COUNTIF('Risk Controls'!$A:$A,$P30)=0),"Control not on Risk Controls",IF(AND($P30<>"",$R30=""),"Residual risk not estimated",IF(AND($P30<>"",COUNTIFS('Risk Controls'!$A:$A,$P30,'Risk Controls'!$H:$H,"<>")=0),"Effectiveness not verified",IF(AND($Q30=3,$Z30=""),"Disclosure reference missing",IF(AND(LEFT($W30,3)="Yes",COUNTIF('Benefit-Risk'!$A:$A,$A30)=0),"Benefit-risk record missing","Complete")))))))))
L31: =IF($H31="","",IF($H31=0,"n/e",INDEX(Scales!$B$32:$F$36,6-$H31,6-$I31))) | M31: =IF($L31="","",IF($L31="n/e",IF($J31>=3,"Not acceptable (S only)","Acceptable (S only)"),INDEX(Scales!$B$42:$F$46,6-$L31,$J31))) | N31: =IF(OR($L31="",$L31="n/e"),"",$L31*$J31) | O31: =IF($M31="","",IF(LEFT($M31,3)="Not","Yes - Clause 7.1","Consider AFAP")) | U31: =IF($R31="","",IF($R31=0,"n/e",INDEX(Scales!$B$32:$F$36,6-$R31,6-$S31))) | V31: =IF($U31="","",IF($U31="n/e",IF($T31>=3,"Not acceptable (S only)","Acceptable (S only)"),INDEX(Scales!$B$42:$F$46,6-$U31,$T31))) | W31: =IF($V31="","",IF(LEFT($V31,3)="Not","Yes - Clause 7.4","No")) | X31: =IF($A31="","",IF($G31="","GSPR link missing",IF($K31="","Basis for estimate missing",IF(AND(LEFT($O31,3)="Yes",$P31=""),"Risk control missing",IF(AND($P31<>"",COUNTIF('Risk Controls'!$A:$A,$P31)=0),"Control not on Risk Controls",IF(AND($P31<>"",$R31=""),"Residual risk not estimated",IF(AND($P31<>"",COUNTIFS('Risk Controls'!$A:$A,$P31,'Risk Controls'!$H:$H,"<>")=0),"Effectiveness not verified",IF(AND($Q31=3,$Z31=""),"Disclosure reference missing",IF(AND(LEFT($W31,3)="Yes",COUNTIF('Benefit-Risk'!$A:$A,$A31)=0),"Benefit-risk record missing","Complete")))))))))
L32: =IF($H32="","",IF($H32=0,"n/e",INDEX(Scales!$B$32:$F$36,6-$H32,6-$I32))) | M32: =IF($L32="","",IF($L32="n/e",IF($J32>=3,"Not acceptable (S only)","Acceptable (S only)"),INDEX(Scales!$B$42:$F$46,6-$L32,$J32))) | N32: =IF(OR($L32="",$L32="n/e"),"",$L32*$J32) | O32: =IF($M32="","",IF(LEFT($M32,3)="Not","Yes - Clause 7.1","Consider AFAP")) | U32: =IF($R32="","",IF($R32=0,"n/e",INDEX(Scales!$B$32:$F$36,6-$R32,6-$S32))) | V32: =IF($U32="","",IF($U32="n/e",IF($T32>=3,"Not acceptable (S only)","Acceptable (S only)"),INDEX(Scales!$B$42:$F$46,6-$U32,$T32))) | W32: =IF($V32="","",IF(LEFT($V32,3)="Not","Yes - Clause 7.4","No")) | X32: =IF($A32="","",IF($G32="","GSPR link missing",IF($K32="","Basis for estimate missing",IF(AND(LEFT($O32,3)="Yes",$P32=""),"Risk control missing",IF(AND($P32<>"",COUNTIF('Risk Controls'!$A:$A,$P32)=0),"Control not on Risk Controls",IF(AND($P32<>"",$R32=""),"Residual risk not estimated",IF(AND($P32<>"",COUNTIFS('Risk Controls'!$A:$A,$P32,'Risk Controls'!$H:$H,"<>")=0),"Effectiveness not verified",IF(AND($Q32=3,$Z32=""),"Disclosure reference missing",IF(AND(LEFT($W32,3)="Yes",COUNTIF('Benefit-Risk'!$A:$A,$A32)=0),"Benefit-risk record missing","Complete")))))))))
... L44: =IF($H44="","",IF($H44=0,"n/e",INDEX(Scales!$B$32:$F$36,6-$H44,6-$I44))) | M44: =IF($L44="","",IF($L44="n/e",IF($J44>=3,"Not acceptable (S only)","Acceptable (S only)"),INDEX(Scales!$B$42:$F$46,6-$L44,$J44))) | N44: =IF(OR($L44="",$L44="n/e"),"",$L44*$J44) | O44: =IF($M44="","",IF(LEFT($M44,3)="Not","Yes - Clause 7.1","Consider AFAP")) | U44: =IF($R44="","",IF($R44=0,"n/e",INDEX(Scales!$B$32:$F$36,6-$R44,6-$S44))) | V44: =IF($U44="","",IF($U44="n/e",IF($T44>=3,"Not acceptable (S only)","Acceptable (S only)"),INDEX(Scales!$B$42:$F$46,6-$U44,$T44))) | W44: =IF($V44="","",IF(LEFT($V44,3)="Not","Yes - Clause 7.4","No")) | X44: =IF($A44="","",IF($G44="","GSPR link missing",IF($K44="","Basis for estimate missing",IF(AND(LEFT($O44,3)="Yes",$P44=""),"Risk control missing",IF(AND($P44<>"",COUNTIF('Risk Controls'!$A:$A,$P44)=0),"Control not on Risk Controls",IF(AND($P44<>"",$R44=""),"Residual risk not estimated",IF(AND($P44<>"",COUNTIFS('Risk Controls'!$A:$A,$P44,'Risk Controls'!$H:$H,"<>")=0),"Effectiveness not verified",IF(AND($Q44=3,$Z44=""),"Disclosure reference missing",IF(AND(LEFT($W44,3)="Yes",COUNTIF('Benefit-Risk'!$A:$A,$A44)=0),"Benefit-risk record missing","Complete")))))))))

Sheet Risk Controls
A1: Risk control traceability
A2: Clause 7.2 requires verification of implementation AND verification of effectiveness. They are two records. A file that has the first and not the second is the most common finding in this clause.
A4: Control ID | B4: Hazard IDs addressed | C4: The risk control measure (Clause 7.1) | D4: Cat | E4: Why a higher-priority option was not practicable (Clause 7.1 order of priority; MDR Annex I point 4) | F4: Requirement or specification it became (design input) | G4: Verification of IMPLEMENTATION (Clause 7.2, first part) | H4: Verification of EFFECTIVENESS (Clause 7.2, second part) | I4: How effectiveness was shown | J4: New risks assessed (Clause 7.5) | K4: Hazards linked | L4: Completeness check (formula) | M4: Owner | N4: Status
A5: RC-01 | B5: HZ-01 | C5: Non-compliant administration set tubing plus automatic decompression of the line when the pump detects that an occlusion has cleared. | D5: 1 | E5: Category 1 applied: the stored-volume mechanism is removed by design rather than warned about. | F5: SRS-114; DWG-2201 rev C | G5: DHR build record BR-118; design verification DV-114 | H5: Design validation DVAL-09; post-change complaint trend CT-2026-008 shows no recurrence over 14 months | I5: Bench measurement of post-occlusion bolus against the 0.1 mL limit, plus field trend | J5: RA-NEW-01 (nuisance alarm rate) | K5: =IF($A5="","",COUNTIF('Hazard Analysis'!$P:$P,$A5)) -> 1 | L5: =IF($A5="","",IF($D5="","Category missing",IF(AND($D5>1,$E5=""),"Order-of-priority justification missing",IF($F5="","Requirement reference missing",IF($G5="","Implementation not verified",IF($H5="","Effectiveness not verified",IF($I5="","Effectiveness method not stated",IF($J5="","New risks not assessed (Clause 7.5)",IF($K5=0,"Orphan - no hazard row cites it","Complete"))))))))) -> Complete | N5: Closed
A6: RC-02 | B6: HZ-02 | C6: Anti-free-flow valve integral to the administration set, closing automatically when the set is removed from the pump. | D6: 1 | E6: Category 1 applied: the valve removes the gravity path rather than relying on the user to close a clamp. | F6: SRS-071; ISO 8536 interface spec | G6: DV-071 leak and closure test; incoming inspection plan IIP-07 | H6: Summative usability study US-11: 15 of 15 participants removed the set with no free flow | I6: Usability validation to IEC 62366-1 plus 100% functional test at the supplier | J6: RA-NEW-02 (valve occlusion) | K6: =IF($A6="","",COUNTIF('Hazard Analysis'!$P:$P,$A6)) -> 1 | L6: =IF($A6="","",IF($D6="","Category missing",IF(AND($D6>1,$E6=""),"Order-of-priority justification missing",IF($F6="","Requirement reference missing",IF($G6="","Implementation not verified",IF($H6="","Effectiveness not verified",IF($I6="","Effectiveness method not stated",IF($J6="","New risks not assessed (Clause 7.5)",IF($K6=0,"Orphan - no hazard row cites it","Complete"))))))))) -> Complete | N6: Closed
A7: RC-03 | B7: HZ-03 | C7: Lowered air-in-line detection threshold plus a cumulative-air-volume alarm that triggers below the single-bolus threshold. | D7: 2 | E7: Category 1 considered: eliminating air ingress entirely would require a sealed reservoir incompatible with the therapy. Documented in DR-22 section 5. | F7: SRS-022; ALM-003 | G7: DV-022 detector sensitivity test at the specified flow rates | H7: DVAL-04 simulated-use air challenge at 0.5 mL/h and 5 mL/h; alarm triggered in 30 of 30 runs | I7: Instrumented air challenge across the full flow range, not only nominal | J7: RA-NEW-03 (false air alarms) | K7: =IF($A7="","",COUNTIF('Hazard Analysis'!$P:$P,$A7)) -> 1 | L7: =IF($A7="","",IF($D7="","Category missing",IF(AND($D7>1,$E7=""),"Order-of-priority justification missing",IF($F7="","Requirement reference missing",IF($G7="","Implementation not verified",IF($H7="","Effectiveness not verified",IF($I7="","Effectiveness method not stated",IF($J7="","New risks not assessed (Clause 7.5)",IF($K7=0,"Orphan - no hazard row cites it","Complete"))))))))) -> Complete | N7: Closed
A8: RC-04 | B8: HZ-04 | C8: Drug-library hard limits that cannot be overridden, a decimal-separated numeric entry field, and a read-back confirmation screen naming the drug, dose, rate and units. | D8: 2 | E8: Category 1 considered: the rate cannot be fixed by design because the therapy is titrated. Documented in URA-11 section 4. | F8: SRS-Ui-33; drug library spec DL-02 | G8: DV-Ui-33 screen and limit test; software unit tests UT-ui | H8: Summative usability study US-09: 0 of 20 participants completed a ten-fold overdose entry | I8: Usability validation to IEC 62366-1 with the ten-fold error as a defined critical task | J8: RA-NEW-04 (limit override workaround) | K8: =IF($A8="","",COUNTIF('Hazard Analysis'!$P:$P,$A8)) -> 1 | L8: =IF($A8="","",IF($D8="","Category missing",IF(AND($D8>1,$E8=""),"Order-of-priority justification missing",IF($F8="","Requirement reference missing",IF($G8="","Implementation not verified",IF($H8="","Effectiveness not verified",IF($I8="","Effectiveness method not stated",IF($J8="","New risks not assessed (Clause 7.5)",IF($K8=0,"Orphan - no hazard row cites it","Complete"))))))))) -> Complete | N8: In work
A9: RC-05 | B9: HZ-05 | C9: Remaining-time indicator computed from measured battery capacity, plus an end-of-service-life indicator that locks out use when measured capacity falls below the specified minimum. | D9: 2 | E9: Category 1 considered: mains-only operation would defeat the ambulatory intended use. Documented in BT-208 section 7. | F9: SRS-PWR-08 | G9: DV-PWR-08 gauge accuracy across 0 to 400 cycles | H9: DVAL-12 aged-battery simulated use; predicted versus actual run-down within 10% at 300 cycles | I9: Accuracy measured against actual run-down on aged cells, not on new cells | J9: RA-NEW-05 (premature lockout) | K9: =IF($A9="","",COUNTIF('Hazard Analysis'!$P:$P,$A9)) -> 1 | L9: =IF($A9="","",IF($D9="","Category missing",IF(AND($D9>1,$E9=""),"Order-of-priority justification missing",IF($F9="","Requirement reference missing",IF($G9="","Implementation not verified",IF($H9="","Effectiveness not verified",IF($I9="","Effectiveness method not stated",IF($J9="","New risks not assessed (Clause 7.5)",IF($K9=0,"Orphan - no hazard row cites it","Complete"))))))))) -> Complete | N9: Closed
A10: RC-06 | B10: HZ-06 | C10: Correction of the unit-conversion routine to round half away from zero, with boundary unit tests and an independent code review. | D10: 1 | E10: Category 1 applied: the defect is removed from the software rather than warned about in the IFU. | F10: SRS-DOSE-12; SDD 4.3.2 | G10: Code review CR-14; unit test suite UT-dose (100% branch coverage on the routine) | H10: Regression test RT-41 across the weight range at 0.1 kg resolution; two independent reviewers confirmed the output table | I10: Boundary-value testing at every conversion boundary, compared against an independently computed table | J10: RA-NEW-06 (rounding in the opposite direction) | K10: =IF($A10="","",COUNTIF('Hazard Analysis'!$P:$P,$A10)) -> 1 | L10: =IF($A10="","",IF($D10="","Category missing",IF(AND($D10>1,$E10=""),"Order-of-priority justification missing",IF($F10="","Requirement reference missing",IF($G10="","Implementation not verified",IF($H10="","Effectiveness not verified",IF($I10="","Effectiveness method not stated",IF($J10="","New risks not assessed (Clause 7.5)",IF($K10=0,"Orphan - no hazard row cites it","Complete"))))))))) -> Complete | N10: Closed
A11: RC-07 | B11: HZ-07 | C11: Cryptographically signed firmware and drug-library packages, mutual authentication of the update server, and rejection with an audit entry on signature failure. | D11: 1 | E11: Category 1 applied: unauthenticated updates are made impossible rather than detected after the fact. | F11: SRS-SEC-04; SBOM-2026-02 | G11: DV-SEC-04 signature verification test; negative tests with tampered packages | H11: Penetration test PT-09 by an independent tester: no accepted unsigned or modified package in 40 attempts | I11: Independent adversarial testing, including downgrade and replay attempts | J11: RA-NEW-07 (failed update leaves stale library) | K11: =IF($A11="","",COUNTIF('Hazard Analysis'!$P:$P,$A11)) -> 1 | L11: =IF($A11="","",IF($D11="","Category missing",IF(AND($D11>1,$E11=""),"Order-of-priority justification missing",IF($F11="","Requirement reference missing",IF($G11="","Implementation not verified",IF($H11="","Effectiveness not verified",IF($I11="","Effectiveness method not stated",IF($J11="","New risks not assessed (Clause 7.5)",IF($K11=0,"Orphan - no hazard row cites it","Complete"))))))))) -> Complete | N11: In work
A12: RC-08 | B12: HZ-08 | C12: Seal strength specification raised to the level the distribution profile demands, 100% visual seal inspection, and package validation to ISO 11607-1 and -2. | D12: 1 | E12: Category 1 applied: the barrier is specified to survive distribution rather than relying on the user to spot a breach. | F12: PKG-SPEC-05; IIP-05 | G12: PV-05 seal strength and dye penetration; inspection records IR-05 | H12: Accelerated and real-time ageing to the claimed shelf life plus post-distribution testing to ASTM D4169 | I12: Sterile barrier integrity after simulated distribution and ageing, not only at release | J12: RA-NEW-08 (over-strong seal defeats aseptic opening) | K12: =IF($A12="","",COUNTIF('Hazard Analysis'!$P:$P,$A12)) -> 1 | L12: =IF($A12="","",IF($D12="","Category missing",IF(AND($D12>1,$E12=""),"Order-of-priority justification missing",IF($F12="","Requirement reference missing",IF($G12="","Implementation not verified",IF($H12="","Effectiveness not verified",IF($I12="","Effectiveness method not stated",IF($J12="","New risks not assessed (Clause 7.5)",IF($K12=0,"Orphan - no hazard row cites it","Complete"))))))))) -> Complete | N12: Closed
A13: RC-09 | B13: HZ-09 | C13: Administration set moulded in a plasticiser-free material, with a biological evaluation and a toxicological risk assessment for the replacement. | D13: 1 | E13: Category 1 applied: the substance is removed from the fluid path rather than limiting infusion duration by labelling. | F13: MAT-SPEC-09 | G13: Material certificates MC-09; incoming inspection IIP-09 | H13: EL-06 extractables and leachables on the new material with the worst-case drug; TRA-03 concludes exposure below the tolerable intake | I13: Leachables measured with the actual drug over the maximum infusion duration | J13: RA-NEW-09 (new material stiffness affects pumping accuracy) | K13: =IF($A13="","",COUNTIF('Hazard Analysis'!$P:$P,$A13)) -> 1 | L13: =IF($A13="","",IF($D13="","Category missing",IF(AND($D13>1,$E13=""),"Order-of-priority justification missing",IF($F13="","Requirement reference missing",IF($G13="","Implementation not verified",IF($H13="","Effectiveness not verified",IF($I13="","Effectiveness method not stated",IF($J13="","New risks not assessed (Clause 7.5)",IF($K13=0,"Orphan - no hazard row cites it","Complete"))))))))) -> Complete | N13: Closed
A14: RC-10 | B14: HZ-10 | C14: Escalating alarm profile that raises sound pressure level and changes pattern if unacknowledged, plus optional remote caregiver notification. | D14: 2 | E14: Category 1 considered: the occlusion itself cannot be designed out of a line that can kink. Documented in HE-02 section 6. | F14: SRS-ALM-10; IEC 60601-1-8 alarm spec | G14: AT-04 audibility test at the specified distances and levels | H14: DVAL-15 overnight simulated-use study in a domestic noise environment; 18 of 20 sleeping participants woke within 4 minutes | I14: Simulated use in the actual use environment, with sleeping participants rather than a bench measurement | J14: RA-NEW-10 (alarm fatigue and caregiver dependence) | K14: =IF($A14="","",COUNTIF('Hazard Analysis'!$P:$P,$A14)) -> 1 | L14: =IF($A14="","",IF($D14="","Category missing",IF(AND($D14>1,$E14=""),"Order-of-priority justification missing",IF($F14="","Requirement reference missing",IF($G14="","Implementation not verified",IF($H14="","Effectiveness not verified",IF($I14="","Effectiveness method not stated",IF($J14="","New risks not assessed (Clause 7.5)",IF($K14=0,"Orphan - no hazard row cites it","Complete"))))))))) -> Complete | N14: Closed
A15: RC-11 | B15: HZ-11 | C15: Validated cleaning agent list and procedure in the IFU, a compatibility-tested enclosure material, and a label symbol pointing to the cleaning section. | D15: 3 | E15: Categories 1 and 2 considered: a fully sealed enclosure was rejected on thermal grounds and a single-patient-use durable was rejected on cost of therapy. Documented in CV-03 section 8. NOTE: cost is not an admissible argument under MDR Annex I point 2, which limits the AFAP obligation only by the benefit-risk ratio. This justification needs rewriting before an EU submission. | F15: IFU-7.3; MAT-SPEC-11 | G15: IFU approval record DOC-2214; label artwork approval LA-118 | H15: CV-03 cleaning validation with the listed agents over 200 cycles; MC-11 material compatibility | I15: Validated against the agents actually named in the IFU, over the claimed service life | J15: RA-NEW-11 (unlisted agent used anyway) | K15: =IF($A15="","",COUNTIF('Hazard Analysis'!$P:$P,$A15)) -> 1 | L15: =IF($A15="","",IF($D15="","Category missing",IF(AND($D15>1,$E15=""),"Order-of-priority justification missing",IF($F15="","Requirement reference missing",IF($G15="","Implementation not verified",IF($H15="","Effectiveness not verified",IF($I15="","Effectiveness method not stated",IF($J15="","New risks not assessed (Clause 7.5)",IF($K15=0,"Orphan - no hazard row cites it","Complete"))))))))) -> Complete | N15: Open
A16: RC-12 | B16: HZ-12 | C16: Patient connector changed to a design that is dimensionally incompatible with enteral ports, conforming to the applicable part of ISO 80369. | D16: 1 | E16: Category 1 applied: the misconnection is made physically impossible rather than labelled against. | F16: SRS-CON-12 | G16: CC-02 connector conformance test; gauge inspection records GI-12 | H16: Misconnection challenge test: no successful connection to an enteral port in 50 attempts by 10 clinicians | I16: Physical challenge testing by clinicians, not dimensional inspection alone | J16: RA-NEW-12 (transition-period mixed inventory) | K16: =IF($A16="","",COUNTIF('Hazard Analysis'!$P:$P,$A16)) -> 1 | L16: =IF($A16="","",IF($D16="","Category missing",IF(AND($D16>1,$E16=""),"Order-of-priority justification missing",IF($F16="","Requirement reference missing",IF($G16="","Implementation not verified",IF($H16="","Effectiveness not verified",IF($I16="","Effectiveness method not stated",IF($J16="","New risks not assessed (Clause 7.5)",IF($K16=0,"Orphan - no hazard row cites it","Complete"))))))))) -> Complete | N16: Closed
... A18: RC-14 | B18: HZ-14 | C18: A cytotoxic-waste container supplied with each prescription, plus an IFU section and a pictogram covering disposal of the used set. | D18: 2 | E18: Category 1 considered: eliminating residual volume entirely is bounded by the set's priming volume. Documented in RV-01 section 4. | F18: KIT-BOM-14; IFU-9 | G18: Kit content verification KV-14; IFU approval DOC-2219 | H18: DVAL-20 home-use study: 17 of 20 carers used the supplied container correctly; IFU revised and re-tested to 20 of 20 | I18: Observed disposal behaviour in the home, re-tested after the IFU revision | J18: RA-NEW-14 (container not returned or refilled) | K18: =IF($A18="","",COUNTIF('Hazard Analysis'!$P:$P,$A18)) -> 1 | L18: =IF($A18="","",IF($D18="","Category missing",IF(AND($D18>1,$E18=""),"Order-of-priority justification missing",IF($F18="","Requirement reference missing",IF($G18="","Implementation not verified",IF($H18="","Effectiveness not verified",IF($I18="","Effectiveness method not stated",IF($J18="","New risks not assessed (Clause 7.5)",IF($K18=0,"Orphan - no hazard row cites it","Complete"))))))))) -> Complete | N18: In work
A19: RC-16 | B19: HZ-16 | C19: Warning added to IFU section 6 telling the user not to silence the alarm without checking the line. | D19: 3 | G19: IFU approval record DOC-2230 | K19: =IF($A19="","",COUNTIF('Hazard Analysis'!$P:$P,$A19)) -> 1 | L19: =IF($A19="","",IF($D19="","Category missing",IF(AND($D19>1,$E19=""),"Order-of-priority justification missing",IF($F19="","Requirement reference missing",IF($G19="","Implementation not verified",IF($H19="","Effectiveness not verified",IF($I19="","Effectiveness method not stated",IF($J19="","New risks not assessed (Clause 7.5)",IF($K19=0,"Orphan - no hazard row cites it","Complete"))))))))) -> Order-of-priority justification missing | N19: Closed
K20: =IF($A20="","",COUNTIF('Hazard Analysis'!$P:$P,$A20)) | L20: =IF($A20="","",IF($D20="","Category missing",IF(AND($D20>1,$E20=""),"Order-of-priority justification missing",IF($F20="","Requirement reference missing",IF($G20="","Implementation not verified",IF($H20="","Effectiveness not verified",IF($I20="","Effectiveness method not stated",IF($J20="","New risks not assessed (Clause 7.5)",IF($K20=0,"Orphan - no hazard row cites it","Complete")))))))))
K21: =IF($A21="","",COUNTIF('Hazard Analysis'!$P:$P,$A21)) | L21: =IF($A21="","",IF($D21="","Category missing",IF(AND($D21>1,$E21=""),"Order-of-priority justification missing",IF($F21="","Requirement reference missing",IF($G21="","Implementation not verified",IF($H21="","Effectiveness not verified",IF($I21="","Effectiveness method not stated",IF($J21="","New risks not assessed (Clause 7.5)",IF($K21=0,"Orphan - no hazard row cites it","Complete")))))))))
K22: =IF($A22="","",COUNTIF('Hazard Analysis'!$P:$P,$A22)) | L22: =IF($A22="","",IF($D22="","Category missing",IF(AND($D22>1,$E22=""),"Order-of-priority justification missing",IF($F22="","Requirement reference missing",IF($G22="","Implementation not verified",IF($H22="","Effectiveness not verified",IF($I22="","Effectiveness method not stated",IF($J22="","New risks not assessed (Clause 7.5)",IF($K22=0,"Orphan - no hazard row cites it","Complete")))))))))
K23: =IF($A23="","",COUNTIF('Hazard Analysis'!$P:$P,$A23)) | L23: =IF($A23="","",IF($D23="","Category missing",IF(AND($D23>1,$E23=""),"Order-of-priority justification missing",IF($F23="","Requirement reference missing",IF($G23="","Implementation not verified",IF($H23="","Effectiveness not verified",IF($I23="","Effectiveness method not stated",IF($J23="","New risks not assessed (Clause 7.5)",IF($K23=0,"Orphan - no hazard row cites it","Complete")))))))))
K24: =IF($A24="","",COUNTIF('Hazard Analysis'!$P:$P,$A24)) | L24: =IF($A24="","",IF($D24="","Category missing",IF(AND($D24>1,$E24=""),"Order-of-priority justification missing",IF($F24="","Requirement reference missing",IF($G24="","Implementation not verified",IF($H24="","Effectiveness not verified",IF($I24="","Effectiveness method not stated",IF($J24="","New risks not assessed (Clause 7.5)",IF($K24=0,"Orphan - no hazard row cites it","Complete")))))))))
K25: =IF($A25="","",COUNTIF('Hazard Analysis'!$P:$P,$A25)) | L25: =IF($A25="","",IF($D25="","Category missing",IF(AND($D25>1,$E25=""),"Order-of-priority justification missing",IF($F25="","Requirement reference missing",IF($G25="","Implementation not verified",IF($H25="","Effectiveness not verified",IF($I25="","Effectiveness method not stated",IF($J25="","New risks not assessed (Clause 7.5)",IF($K25=0,"Orphan - no hazard row cites it","Complete")))))))))
K26: =IF($A26="","",COUNTIF('Hazard Analysis'!$P:$P,$A26)) | L26: =IF($A26="","",IF($D26="","Category missing",IF(AND($D26>1,$E26=""),"Order-of-priority justification missing",IF($F26="","Requirement reference missing",IF($G26="","Implementation not verified",IF($H26="","Effectiveness not verified",IF($I26="","Effectiveness method not stated",IF($J26="","New risks not assessed (Clause 7.5)",IF($K26=0,"Orphan - no hazard row cites it","Complete")))))))))
K27: =IF($A27="","",COUNTIF('Hazard Analysis'!$P:$P,$A27)) | L27: =IF($A27="","",IF($D27="","Category missing",IF(AND($D27>1,$E27=""),"Order-of-priority justification missing",IF($F27="","Requirement reference missing",IF($G27="","Implementation not verified",IF($H27="","Effectiveness not verified",IF($I27="","Effectiveness method not stated",IF($J27="","New risks not assessed (Clause 7.5)",IF($K27=0,"Orphan - no hazard row cites it","Complete")))))))))
K28: =IF($A28="","",COUNTIF('Hazard Analysis'!$P:$P,$A28)) | L28: =IF($A28="","",IF($D28="","Category missing",IF(AND($D28>1,$E28=""),"Order-of-priority justification missing",IF($F28="","Requirement reference missing",IF($G28="","Implementation not verified",IF($H28="","Effectiveness not verified",IF($I28="","Effectiveness method not stated",IF($J28="","New risks not assessed (Clause 7.5)",IF($K28=0,"Orphan - no hazard row cites it","Complete")))))))))
K29: =IF($A29="","",COUNTIF('Hazard Analysis'!$P:$P,$A29)) | L29: =IF($A29="","",IF($D29="","Category missing",IF(AND($D29>1,$E29=""),"Order-of-priority justification missing",IF($F29="","Requirement reference missing",IF($G29="","Implementation not verified",IF($H29="","Effectiveness not verified",IF($I29="","Effectiveness method not stated",IF($J29="","New risks not assessed (Clause 7.5)",IF($K29=0,"Orphan - no hazard row cites it","Complete")))))))))
K30: =IF($A30="","",COUNTIF('Hazard Analysis'!$P:$P,$A30)) | L30: =IF($A30="","",IF($D30="","Category missing",IF(AND($D30>1,$E30=""),"Order-of-priority justification missing",IF($F30="","Requirement reference missing",IF($G30="","Implementation not verified",IF($H30="","Effectiveness not verified",IF($I30="","Effectiveness method not stated",IF($J30="","New risks not assessed (Clause 7.5)",IF($K30=0,"Orphan - no hazard row cites it","Complete")))))))))
K31: =IF($A31="","",COUNTIF('Hazard Analysis'!$P:$P,$A31)) | L31: =IF($A31="","",IF($D31="","Category missing",IF(AND($D31>1,$E31=""),"Order-of-priority justification missing",IF($F31="","Requirement reference missing",IF($G31="","Implementation not verified",IF($H31="","Effectiveness not verified",IF($I31="","Effectiveness method not stated",IF($J31="","New risks not assessed (Clause 7.5)",IF($K31=0,"Orphan - no hazard row cites it","Complete")))))))))
... K34: =IF($A34="","",COUNTIF('Hazard Analysis'!$P:$P,$A34)) | L34: =IF($A34="","",IF($D34="","Category missing",IF(AND($D34>1,$E34=""),"Order-of-priority justification missing",IF($F34="","Requirement reference missing",IF($G34="","Implementation not verified",IF($H34="","Effectiveness not verified",IF($I34="","Effectiveness method not stated",IF($J34="","New risks not assessed (Clause 7.5)",IF($K34=0,"Orphan - no hazard row cites it","Complete")))))))))

Sheet Residual Risk
A1: Residual risk and overall residual risk
A2: Clause 8 requires an evaluation of the OVERALL residual risk, using the method and criteria the plan declared. It is not the sum of the individual residual risks, and it is not satisfied by a table of green cells.
A4: Individual residual risks (from 'Hazard Analysis')
B5: Measure | C5: Count | D5: Where it comes from
B6: Hazardous situations analysed | C6: =COUNTA('Hazard Analysis'!$A$5:$A$44) -> 16 | D6: Column A
B7: Initial risks evaluated Not acceptable | C7: =COUNTIF('Hazard Analysis'!$M$5:$M$44,"Not acceptable*") -> 9 | D7: Column M
B8: Residual risks evaluated Acceptable | C8: =COUNTIF('Hazard Analysis'!$V$5:$V$44,"Acceptable*") -> 11 | D8: Column V
B9: Residual risks still Not acceptable | C9: =COUNTIF('Hazard Analysis'!$V$5:$V$44,"Not acceptable*") -> 4 | D9: Column V - each needs a benefit-risk record
B10: Residual risks not yet estimated | C10: =COUNTIFS('Hazard Analysis'!$A$5:$A$44,"<>",'Hazard Analysis'!$P$5:$P$44,"<>",'Hazard Analysis'!$R$5:$R$44,"") -> 0 | D10: Controlled rows with no residual estimate
B11: Risks evaluated on severity alone (probability not estimable) | C11: =COUNTIF('Hazard Analysis'!$V$5:$V$44,"*S only*") -> 0 | D11: Clause 4.4 d) case
B12: Rows whose completeness check is not Complete | C12: =COUNTIFS('Hazard Analysis'!$A$5:$A$44,"<>",'Hazard Analysis'!$X$5:$X$44,"<>Complete") -> 2 | D12: Column X
B13: Risk controls relying on information for safety (category 3) | C13: =COUNTIF('Hazard Analysis'!$Q$5:$Q$44,3) -> 3 | D13: The weakest option; each needs an order-of-priority justification
B14: Risk controls that introduced a new risk | C14: =COUNTIF('Hazard Analysis'!$Y$5:$Y$44,"Y*") -> 2 | D14: Clause 7.5 - any new or increased risk is managed under 5.5 to 7.4, so it needs its own row
A16: Overall residual risk evaluation (Clause 8)
A17: Each input below has to be considered and the consideration recorded. A conclusion with no inputs is the finding.
A18: # | B18: Input to the overall evaluation | C18: What the evaluation has to say about it | D18: Your record or conclusion | E18: Considered?
A19: 1 | B19: The combination of individual residual risks | C19: Several individually acceptable residual risks may be unacceptable together, particularly where they share a cause or affect the same patient episode.
A20: 2 | B20: Risks arising from a single common cause | C20: Where one failure produces several hazardous situations at once, the combined exposure is what the patient experiences. Name the common causes you looked for.
A21: 3 | B21: Conflicting requirements between risk controls | C21: A control added for one risk can defeat another. Alarm loudness against alarm fatigue; a stiffer set against pumping accuracy. Name the conflicts and how they were resolved.
A22: 4 | B22: The number and nature of warnings and instructions relied on | C22: Information for safety is the weakest control. A device whose safety rests on many warnings has a higher overall residual risk than the individual rows suggest. Count them.
A23: 5 | B23: Comparison with similar devices on the market and the state of the art | C23: MDR Annex I points 1 and 4 both require the generally acknowledged state of the art to be taken into account. Name the comparators and the sources.
A24: 6 | B24: The clinical benefit and the benefit-risk conclusion | C24: Clause 8 asks whether the overall residual risk is outweighed by the benefit. Reference the 'Benefit-Risk' sheet rather than repeating it.
A25: 7 | B25: Information from production and post-production | C25: For a device already on the market, the Clause 10 information is an input to the overall evaluation, not a separate exercise. Reference the 'Prod & Post-Prod' sheet.
A26: 8 | B26: Disclosure of significant residual risks | C26: Clause 8 requires significant residual risks to be disclosed in the accompanying information. List what is disclosed and where.
A27: 9 | B27: The conclusion, against the criteria the plan declared | C27: State the criteria, then the conclusion, then who has the authority to sign it. If the conclusion is that the overall residual risk is not acceptable, the device does not ship.
B29: Inputs recorded as considered | C29: =COUNTIF($E$19:$E$27,"Yes") -> 0 | D29: of 9 inputs
B30: Overall residual risk conclusion
B31: Approved by, role and date

Sheet Benefit-Risk
A1: Benefit-risk records
A2: One row per residual risk the criteria do not accept and that cannot be reduced further (Clause 7.4), plus one OVERALL row (Clause 8). MDR Annex I points 1 and 8 require the risks to be acceptable when weighed against the benefits, and Annex II point 5(a) requires that benefit-risk analysis in the technical documentation; a benefit stated without magnitude, probability and duration is not weighable.
A4: Hazard ID (or OVERALL) | B4: Residual risk being weighed | C4: Why further risk control is not practicable (Clause 7.4; AFAP under MDR Annex I point 2) | D4: Clinical benefit: nature | E4: Magnitude | F4: Probability the patient experiences it | G4: Duration | H4: Clinical evidence (record reference) | I4: State of the art and alternatives available to the patient | J4: Conclusion | K4: Approved by, role, date | L4: Check (formula)
A5: HZ-02 | B5: Residual risk of uncontrolled gravity infusion stays Not acceptable on the example criteria: severity remains 5, and once free flow has started the conditional probability of harm is almost certain. | C5: The anti-free-flow valve is integral to the set and closes automatically on removal. No further inherent-safety or protective measure was identified that does not also prevent the set from being loaded. Documented in RA-BR-02. | D5: Enables continuous ambulatory infusion of the prescribed therapy outside hospital, which the alternative (inpatient infusion) does not. | E5: Substantial: the therapy is life-sustaining for the indicated population. | F5: High: 92% of patients in CLIN-04 completed the prescribed course at home. | G5: Duration of therapy, typically 6 to 18 months. | H5: CLIN-04 clinical evaluation report; CER rev 6 section 9. | I5: An integral anti-free-flow valve is the generally acknowledged state of the art. No marketed alternative eliminates the gravity path entirely. | J5: Benefit outweighs | K5: Dr L. Baptiste, Medical Director, 2026-08-14 | L5: =IF($A5="","",IF(AND($A5<>"OVERALL",COUNTIF('Hazard Analysis'!$A$5:$A$44,$A5)=0),"Hazard ID not in Hazard Analysis",IF(AND($A5<>"OVERALL",$C5=""),"No justification that control is impracticable",IF(OR($E5="",$F5="",$G5=""),"Benefit not characterised (magnitude, probability, duration)",IF($H5="","No clinical evidence cited",IF($I5="","State of the art not addressed",IF($J5="","No conclusion",IF($K5="","Not approved","Complete")))))))) -> Complete
A6: HZ-03 | B6: Residual risk of air embolism stays Not acceptable on the example criteria: severity remains 5. The lowered threshold and cumulative-volume alarm reduce P1 but cannot reach zero. | C6: The detection threshold is at the limit of the sensing technology qualified for this flow range, and a sealed reservoir was rejected as incompatible with the therapy. Documented in DR-22 section 5 and RA-BR-03. | D6: Enables continuous ambulatory infusion of the prescribed therapy outside hospital, which the alternative (inpatient infusion) does not. | E6: Substantial: the therapy is life-sustaining for the indicated population. | F6: High: 92% of patients in CLIN-04 completed the prescribed course at home. | G6: Duration of therapy, typically 6 to 18 months. | H6: CLIN-04; CER rev 6 section 9; DR-22. | I6: Cumulative air-volume alarming below the single-bolus threshold exceeds the alarm behaviour of the comparator devices surveyed in CER rev 6 section 8. | J6: Benefit outweighs | K6: Dr L. Baptiste, Medical Director, 2026-08-14 | L6: =IF($A6="","",IF(AND($A6<>"OVERALL",COUNTIF('Hazard Analysis'!$A$5:$A$44,$A6)=0),"Hazard ID not in Hazard Analysis",IF(AND($A6<>"OVERALL",$C6=""),"No justification that control is impracticable",IF(OR($E6="",$F6="",$G6=""),"Benefit not characterised (magnitude, probability, duration)",IF($H6="","No clinical evidence cited",IF($I6="","State of the art not addressed",IF($J6="","No conclusion",IF($K6="","Not approved","Complete")))))))) -> Complete
A7: HZ-07 | B7: Residual risk from a compromised drug-library update stays Not acceptable on the example criteria: severity remains 5 because the consequence is fleet-wide loss of dose limits. | C7: Signed packages and mutual authentication are the strongest available inherent-safety measures. Removing the wireless update path entirely was assessed and rejected: it would force manual library updates, whose error rate is higher. Documented in TM-03 section 9 and RA-BR-07. | D7: Enables continuous ambulatory infusion of the prescribed therapy outside hospital, which the alternative (inpatient infusion) does not. | E7: Substantial: the therapy is life-sustaining for the indicated population. | F7: High: 92% of patients in CLIN-04 completed the prescribed course at home. | G7: Duration of therapy, typically 6 to 18 months. | H7: CLIN-04; PT-09 penetration test report; MDCG 2019-16 gap review. | I7: Signed firmware and library packages with mutual authentication is the state of the art for connected infusion devices; the comparator survey in TM-03 found two of five comparators without it. | J7: Benefit outweighs | K7: Dr L. Baptiste, Medical Director, 2026-08-14 | L7: =IF($A7="","",IF(AND($A7<>"OVERALL",COUNTIF('Hazard Analysis'!$A$5:$A$44,$A7)=0),"Hazard ID not in Hazard Analysis",IF(AND($A7<>"OVERALL",$C7=""),"No justification that control is impracticable",IF(OR($E7="",$F7="",$G7=""),"Benefit not characterised (magnitude, probability, duration)",IF($H7="","No clinical evidence cited",IF($I7="","State of the art not addressed",IF($J7="","No conclusion",IF($K7="","Not approved","Complete")))))))) -> Complete
A8: HZ-12 | B8: Residual risk of wrong-route administration remains Not acceptable on the example criteria because severity stays at 5 and the conditional probability of harm, once a misconnection is made, stays at 5. | C8: The connector already conforms to the applicable part of ISO 80369 and is dimensionally incompatible with enteral ports. No further design or protective measure was identified that does not defeat the intended use. Documented in RA-BR-12. | D8: Enables continuous ambulatory infusion of the prescribed therapy outside hospital, which the alternative (inpatient infusion) does not. | E8: Substantial: the therapy is life-sustaining for the indicated population. | F8: High: 92% of patients in CLIN-04 completed the prescribed course at home. | G8: Duration of therapy, typically 6 to 18 months. | H8: CLIN-04 clinical evaluation report; CER rev 6 section 9. | I8: No marketed alternative provides ambulatory delivery of this therapy with a lower wrong-route residual risk; ISO 80369 conformance is the state of the art. | J8: Benefit outweighs | K8: Dr L. Baptiste, Medical Director, 2026-08-14 | L8: =IF($A8="","",IF(AND($A8<>"OVERALL",COUNTIF('Hazard Analysis'!$A$5:$A$44,$A8)=0),"Hazard ID not in Hazard Analysis",IF(AND($A8<>"OVERALL",$C8=""),"No justification that control is impracticable",IF(OR($E8="",$F8="",$G8=""),"Benefit not characterised (magnitude, probability, duration)",IF($H8="","No clinical evidence cited",IF($I8="","State of the art not addressed",IF($J8="","No conclusion",IF($K8="","Not approved","Complete")))))))) -> Complete
A9: OVERALL | B9: Overall residual risk of the device, evaluated on the 'Residual Risk' sheet against the criteria the plan declared. | D9: Enables continuous ambulatory infusion of the prescribed therapy outside hospital, which the alternative (inpatient infusion) does not. | E9: Substantial: the therapy is life-sustaining for the indicated population. | F9: High: 92% of patients in CLIN-04 completed the prescribed course at home. | G9: Duration of therapy, typically 6 to 18 months. | H9: CLIN-04; CER rev 6; PMS-2026-Q1. | I9: Comparator survey in CER rev 6 section 8; the device is at or above the state of the art on every hazard class assessed. | L9: =IF($A9="","",IF(AND($A9<>"OVERALL",COUNTIF('Hazard Analysis'!$A$5:$A$44,$A9)=0),"Hazard ID not in Hazard Analysis",IF(AND($A9<>"OVERALL",$C9=""),"No justification that control is impracticable",IF(OR($E9="",$F9="",$G9=""),"Benefit not characterised (magnitude, probability, duration)",IF($H9="","No clinical evidence cited",IF($I9="","State of the art not addressed",IF($J9="","No conclusion",IF($K9="","Not approved","Complete")))))))) -> No conclusion
L10: =IF($A10="","",IF(AND($A10<>"OVERALL",COUNTIF('Hazard Analysis'!$A$5:$A$44,$A10)=0),"Hazard ID not in Hazard Analysis",IF(AND($A10<>"OVERALL",$C10=""),"No justification that control is impracticable",IF(OR($E10="",$F10="",$G10=""),"Benefit not characterised (magnitude, probability, duration)",IF($H10="","No clinical evidence cited",IF($I10="","State of the art not addressed",IF($J10="","No conclusion",IF($K10="","Not approved","Complete"))))))))
L11: =IF($A11="","",IF(AND($A11<>"OVERALL",COUNTIF('Hazard Analysis'!$A$5:$A$44,$A11)=0),"Hazard ID not in Hazard Analysis",IF(AND($A11<>"OVERALL",$C11=""),"No justification that control is impracticable",IF(OR($E11="",$F11="",$G11=""),"Benefit not characterised (magnitude, probability, duration)",IF($H11="","No clinical evidence cited",IF($I11="","State of the art not addressed",IF($J11="","No conclusion",IF($K11="","Not approved","Complete"))))))))
L12: =IF($A12="","",IF(AND($A12<>"OVERALL",COUNTIF('Hazard Analysis'!$A$5:$A$44,$A12)=0),"Hazard ID not in Hazard Analysis",IF(AND($A12<>"OVERALL",$C12=""),"No justification that control is impracticable",IF(OR($E12="",$F12="",$G12=""),"Benefit not characterised (magnitude, probability, duration)",IF($H12="","No clinical evidence cited",IF($I12="","State of the art not addressed",IF($J12="","No conclusion",IF($K12="","Not approved","Complete"))))))))
L13: =IF($A13="","",IF(AND($A13<>"OVERALL",COUNTIF('Hazard Analysis'!$A$5:$A$44,$A13)=0),"Hazard ID not in Hazard Analysis",IF(AND($A13<>"OVERALL",$C13=""),"No justification that control is impracticable",IF(OR($E13="",$F13="",$G13=""),"Benefit not characterised (magnitude, probability, duration)",IF($H13="","No clinical evidence cited",IF($I13="","State of the art not addressed",IF($J13="","No conclusion",IF($K13="","Not approved","Complete"))))))))
L14: =IF($A14="","",IF(AND($A14<>"OVERALL",COUNTIF('Hazard Analysis'!$A$5:$A$44,$A14)=0),"Hazard ID not in Hazard Analysis",IF(AND($A14<>"OVERALL",$C14=""),"No justification that control is impracticable",IF(OR($E14="",$F14="",$G14=""),"Benefit not characterised (magnitude, probability, duration)",IF($H14="","No clinical evidence cited",IF($I14="","State of the art not addressed",IF($J14="","No conclusion",IF($K14="","Not approved","Complete"))))))))
L15: =IF($A15="","",IF(AND($A15<>"OVERALL",COUNTIF('Hazard Analysis'!$A$5:$A$44,$A15)=0),"Hazard ID not in Hazard Analysis",IF(AND($A15<>"OVERALL",$C15=""),"No justification that control is impracticable",IF(OR($E15="",$F15="",$G15=""),"Benefit not characterised (magnitude, probability, duration)",IF($H15="","No clinical evidence cited",IF($I15="","State of the art not addressed",IF($J15="","No conclusion",IF($K15="","Not approved","Complete"))))))))
L16: =IF($A16="","",IF(AND($A16<>"OVERALL",COUNTIF('Hazard Analysis'!$A$5:$A$44,$A16)=0),"Hazard ID not in Hazard Analysis",IF(AND($A16<>"OVERALL",$C16=""),"No justification that control is impracticable",IF(OR($E16="",$F16="",$G16=""),"Benefit not characterised (magnitude, probability, duration)",IF($H16="","No clinical evidence cited",IF($I16="","State of the art not addressed",IF($J16="","No conclusion",IF($K16="","Not approved","Complete"))))))))

Sheet Prod & Post-Prod
A1: Production and post-production information
A2: Clause 10. This is the sheet that makes the file a living document, and the sheet auditors find empty. Clause 10.3 asks four questions of every safety-relevant item; columns F to I are those questions.
A4: Ref | B4: Date received | C4: Information source (Clause 10.1) | D4: What the information said | E4: Safety relevant? | F4: New hazard? | G4: Risk no longer acc? | H4: Estimate invalid? | I4: SOTA changed? | J4: Action taken | K4: Hazard rows updated | L4: RM file rev | M4: PMS, PSUR or vigilance link | N4: Owner | O4: Due | P4: Closed | Q4: Days open | R4: Check (formula) | S4: Status
A5: PP-001 | B5: 46085 | C5: Complaint | D5: Three complaints in eight weeks describing a bolus on clearance of a downstream occlusion. Two patients required observation; no permanent harm. | E5: Y | F5: N | G5: Y | H5: Y | I5: N | J5: Risk file reopened. P1 for HZ-01 re-estimated from 3 to 4 on the complaint rate. Design change raised (RC-01). Trend reported under MDR Article 88 assessment TR-2026-006. | K5: HZ-01 | L5: rev 7 | M5: PMS-2026-Q1; TR-2026-006 | N5: K. Osei | O5: 46127 | P5: 46203 | Q5: =IF($B5="","",IF($P5<>"",$P5-$B5,TODAY()-$B5)) -> 118 | R5: =IF($A5="","",IF($E5="","Safety relevance not assessed",IF(AND($E5="Y",OR($F5="",$G5="",$H5="",$I5="")),"Clause 10.3 questions incomplete",IF(AND($E5="Y",$J5=""),"No action recorded",IF(AND(OR($F5="Y",$G5="Y",$H5="Y",$I5="Y"),$K5=""),"Risk file rows not updated",IF(AND(OR($F5="Y",$G5="Y",$H5="Y",$I5="Y"),$L5=""),"RM file revision not recorded",IF(AND($S5="Closed",$P5=""),"Closed with no closure date",IF(AND($S5<>"Closed",$O5<>"",$O5<TODAY()),"OVERDUE","OK")))))))) -> OK | S5: Closed
A6: PP-002 | B6: 46161 | C6: Literature | D6: Published case series reports air embolism at bubble volumes below the sensitivity threshold assumed in the original analysis for low flow rates. | E6: Y | F6: N | G6: N | H6: Y | I6: Y | J6: Original P2 for HZ-03 was based on a threshold no longer supported by the literature. Estimate revised and RC-03 threshold lowered. State of the art assessment updated in CER rev 6. | K6: HZ-03 | L6: rev 7 | M6: CER rev 6 section 7 | N6: M. Duarte | O6: 46204 | P6: 46256 | Q6: =IF($B6="","",IF($P6<>"",$P6-$B6,TODAY()-$B6)) -> 95 | R6: =IF($A6="","",IF($E6="","Safety relevance not assessed",IF(AND($E6="Y",OR($F6="",$G6="",$H6="",$I6="")),"Clause 10.3 questions incomplete",IF(AND($E6="Y",$J6=""),"No action recorded",IF(AND(OR($F6="Y",$G6="Y",$H6="Y",$I6="Y"),$K6=""),"Risk file rows not updated",IF(AND(OR($F6="Y",$G6="Y",$H6="Y",$I6="Y"),$L6=""),"RM file revision not recorded",IF(AND($S6="Closed",$P6=""),"Closed with no closure date",IF(AND($S6<>"Closed",$O6<>"",$O6<TODAY()),"OVERDUE","OK")))))))) -> OK | S6: Closed
A7: PP-003 | B7: 46211 | C7: Similar device data | D7: Competitor field safety notice on unauthenticated drug-library updates; same architecture class as our wireless update path. | E7: Y | F7: Y | G7: Y | H7: N | I7: Y | J7: Previously unrecognised hazardous situation for our device. New row HZ-07 opened; threat model TM-03 and RC-07 raised. Not yet closed. | K7: HZ-07 | L7: rev 8 draft | M7: FSN reference; MDCG 2019-16 review | N7: A. Whitfield | O7: 46326 | Q7: =IF($B7="","",IF($P7<>"",$P7-$B7,TODAY()-$B7)) -> 70 | R7: =IF($A7="","",IF($E7="","Safety relevance not assessed",IF(AND($E7="Y",OR($F7="",$G7="",$H7="",$I7="")),"Clause 10.3 questions incomplete",IF(AND($E7="Y",$J7=""),"No action recorded",IF(AND(OR($F7="Y",$G7="Y",$H7="Y",$I7="Y"),$K7=""),"Risk file rows not updated",IF(AND(OR($F7="Y",$G7="Y",$H7="Y",$I7="Y"),$L7=""),"RM file revision not recorded",IF(AND($S7="Closed",$P7=""),"Closed with no closure date",IF(AND($S7<>"Closed",$O7<>"",$O7<TODAY()),"OVERDUE","OK")))))))) -> OK | S7: In work
A8: PP-004 | B8: 46259 | C8: Production nonconformity | D8: Seal strength on three pouch lots measured below specification at incoming inspection; no product released. | E8: Y | F8: N | G8: N | H8: N | I8: N | J8: No change to the risk estimate: the control worked as designed and the nonconforming product was detained. Recorded as evidence that RC-08 is effective in production. | K8: HZ-08 | L8: no change | M8: NCR-2026-114; CAPA-2026-031 | N8: R. Iyer | O8: 46295 | P8: 46277 | Q8: =IF($B8="","",IF($P8<>"",$P8-$B8,TODAY()-$B8)) -> 18 | R8: =IF($A8="","",IF($E8="","Safety relevance not assessed",IF(AND($E8="Y",OR($F8="",$G8="",$H8="",$I8="")),"Clause 10.3 questions incomplete",IF(AND($E8="Y",$J8=""),"No action recorded",IF(AND(OR($F8="Y",$G8="Y",$H8="Y",$I8="Y"),$K8=""),"Risk file rows not updated",IF(AND(OR($F8="Y",$G8="Y",$H8="Y",$I8="Y"),$L8=""),"RM file revision not recorded",IF(AND($S8="Closed",$P8=""),"Closed with no closure date",IF(AND($S8<>"Closed",$O8<>"",$O8<TODAY()),"OVERDUE","OK")))))))) -> OK | S8: Closed
A9: PP-005 | B9: 46267 | C9: Service and maintenance | D9: Four returned pumps show battery capacity below the lockout threshold without the end-of-service indicator having triggered. | E9: Y | F9: N | G9: N | H9: Y | I9: N | J9: Under assessment. If the indicator did not trigger, RC-05's effectiveness verification does not hold and the residual estimate for HZ-05 is not supported. | M9: SVC-2026-088 | N9: K. Osei | O9: 46305 | Q9: =IF($B9="","",IF($P9<>"",$P9-$B9,TODAY()-$B9)) -> 14 | R9: =IF($A9="","",IF($E9="","Safety relevance not assessed",IF(AND($E9="Y",OR($F9="",$G9="",$H9="",$I9="")),"Clause 10.3 questions incomplete",IF(AND($E9="Y",$J9=""),"No action recorded",IF(AND(OR($F9="Y",$G9="Y",$H9="Y",$I9="Y"),$K9=""),"Risk file rows not updated",IF(AND(OR($F9="Y",$G9="Y",$H9="Y",$I9="Y"),$L9=""),"RM file revision not recorded",IF(AND($S9="Closed",$P9=""),"Closed with no closure date",IF(AND($S9<>"Closed",$O9<>"",$O9<TODAY()),"OVERDUE","OK")))))))) -> Risk file rows not updated | S9: Open
Q10: =IF($B10="","",IF($P10<>"",$P10-$B10,TODAY()-$B10)) | R10: =IF($A10="","",IF($E10="","Safety relevance not assessed",IF(AND($E10="Y",OR($F10="",$G10="",$H10="",$I10="")),"Clause 10.3 questions incomplete",IF(AND($E10="Y",$J10=""),"No action recorded",IF(AND(OR($F10="Y",$G10="Y",$H10="Y",$I10="Y"),$K10=""),"Risk file rows not updated",IF(AND(OR($F10="Y",$G10="Y",$H10="Y",$I10="Y"),$L10=""),"RM file revision not recorded",IF(AND($S10="Closed",$P10=""),"Closed with no closure date",IF(AND($S10<>"Closed",$O10<>"",$O10<TODAY()),"OVERDUE","OK"))))))))
Q11: =IF($B11="","",IF($P11<>"",$P11-$B11,TODAY()-$B11)) | R11: =IF($A11="","",IF($E11="","Safety relevance not assessed",IF(AND($E11="Y",OR($F11="",$G11="",$H11="",$I11="")),"Clause 10.3 questions incomplete",IF(AND($E11="Y",$J11=""),"No action recorded",IF(AND(OR($F11="Y",$G11="Y",$H11="Y",$I11="Y"),$K11=""),"Risk file rows not updated",IF(AND(OR($F11="Y",$G11="Y",$H11="Y",$I11="Y"),$L11=""),"RM file revision not recorded",IF(AND($S11="Closed",$P11=""),"Closed with no closure date",IF(AND($S11<>"Closed",$O11<>"",$O11<TODAY()),"OVERDUE","OK"))))))))
Q12: =IF($B12="","",IF($P12<>"",$P12-$B12,TODAY()-$B12)) | R12: =IF($A12="","",IF($E12="","Safety relevance not assessed",IF(AND($E12="Y",OR($F12="",$G12="",$H12="",$I12="")),"Clause 10.3 questions incomplete",IF(AND($E12="Y",$J12=""),"No action recorded",IF(AND(OR($F12="Y",$G12="Y",$H12="Y",$I12="Y"),$K12=""),"Risk file rows not updated",IF(AND(OR($F12="Y",$G12="Y",$H12="Y",$I12="Y"),$L12=""),"RM file revision not recorded",IF(AND($S12="Closed",$P12=""),"Closed with no closure date",IF(AND($S12<>"Closed",$O12<>"",$O12<TODAY()),"OVERDUE","OK"))))))))
Q13: =IF($B13="","",IF($P13<>"",$P13-$B13,TODAY()-$B13)) | R13: =IF($A13="","",IF($E13="","Safety relevance not assessed",IF(AND($E13="Y",OR($F13="",$G13="",$H13="",$I13="")),"Clause 10.3 questions incomplete",IF(AND($E13="Y",$J13=""),"No action recorded",IF(AND(OR($F13="Y",$G13="Y",$H13="Y",$I13="Y"),$K13=""),"Risk file rows not updated",IF(AND(OR($F13="Y",$G13="Y",$H13="Y",$I13="Y"),$L13=""),"RM file revision not recorded",IF(AND($S13="Closed",$P13=""),"Closed with no closure date",IF(AND($S13<>"Closed",$O13<>"",$O13<TODAY()),"OVERDUE","OK"))))))))
Q14: =IF($B14="","",IF($P14<>"",$P14-$B14,TODAY()-$B14)) | R14: =IF($A14="","",IF($E14="","Safety relevance not assessed",IF(AND($E14="Y",OR($F14="",$G14="",$H14="",$I14="")),"Clause 10.3 questions incomplete",IF(AND($E14="Y",$J14=""),"No action recorded",IF(AND(OR($F14="Y",$G14="Y",$H14="Y",$I14="Y"),$K14=""),"Risk file rows not updated",IF(AND(OR($F14="Y",$G14="Y",$H14="Y",$I14="Y"),$L14=""),"RM file revision not recorded",IF(AND($S14="Closed",$P14=""),"Closed with no closure date",IF(AND($S14<>"Closed",$O14<>"",$O14<TODAY()),"OVERDUE","OK"))))))))
Q15: =IF($B15="","",IF($P15<>"",$P15-$B15,TODAY()-$B15)) | R15: =IF($A15="","",IF($E15="","Safety relevance not assessed",IF(AND($E15="Y",OR($F15="",$G15="",$H15="",$I15="")),"Clause 10.3 questions incomplete",IF(AND($E15="Y",$J15=""),"No action recorded",IF(AND(OR($F15="Y",$G15="Y",$H15="Y",$I15="Y"),$K15=""),"Risk file rows not updated",IF(AND(OR($F15="Y",$G15="Y",$H15="Y",$I15="Y"),$L15=""),"RM file revision not recorded",IF(AND($S15="Closed",$P15=""),"Closed with no closure date",IF(AND($S15<>"Closed",$O15<>"",$O15<TODAY()),"OVERDUE","OK"))))))))
Q16: =IF($B16="","",IF($P16<>"",$P16-$B16,TODAY()-$B16)) | R16: =IF($A16="","",IF($E16="","Safety relevance not assessed",IF(AND($E16="Y",OR($F16="",$G16="",$H16="",$I16="")),"Clause 10.3 questions incomplete",IF(AND($E16="Y",$J16=""),"No action recorded",IF(AND(OR($F16="Y",$G16="Y",$H16="Y",$I16="Y"),$K16=""),"Risk file rows not updated",IF(AND(OR($F16="Y",$G16="Y",$H16="Y",$I16="Y"),$L16=""),"RM file revision not recorded",IF(AND($S16="Closed",$P16=""),"Closed with no closure date",IF(AND($S16<>"Closed",$O16<>"",$O16<TODAY()),"OVERDUE","OK"))))))))
Q17: =IF($B17="","",IF($P17<>"",$P17-$B17,TODAY()-$B17)) | R17: =IF($A17="","",IF($E17="","Safety relevance not assessed",IF(AND($E17="Y",OR($F17="",$G17="",$H17="",$I17="")),"Clause 10.3 questions incomplete",IF(AND($E17="Y",$J17=""),"No action recorded",IF(AND(OR($F17="Y",$G17="Y",$H17="Y",$I17="Y"),$K17=""),"Risk file rows not updated",IF(AND(OR($F17="Y",$G17="Y",$H17="Y",$I17="Y"),$L17=""),"RM file revision not recorded",IF(AND($S17="Closed",$P17=""),"Closed with no closure date",IF(AND($S17<>"Closed",$O17<>"",$O17<TODAY()),"OVERDUE","OK"))))))))
Q18: =IF($B18="","",IF($P18<>"",$P18-$B18,TODAY()-$B18)) | R18: =IF($A18="","",IF($E18="","Safety relevance not assessed",IF(AND($E18="Y",OR($F18="",$G18="",$H18="",$I18="")),"Clause 10.3 questions incomplete",IF(AND($E18="Y",$J18=""),"No action recorded",IF(AND(OR($F18="Y",$G18="Y",$H18="Y",$I18="Y"),$K18=""),"Risk file rows not updated",IF(AND(OR($F18="Y",$G18="Y",$H18="Y",$I18="Y"),$L18=""),"RM file revision not recorded",IF(AND($S18="Closed",$P18=""),"Closed with no closure date",IF(AND($S18<>"Closed",$O18<>"",$O18<TODAY()),"OVERDUE","OK"))))))))
Q19: =IF($B19="","",IF($P19<>"",$P19-$B19,TODAY()-$B19)) | R19: =IF($A19="","",IF($E19="","Safety relevance not assessed",IF(AND($E19="Y",OR($F19="",$G19="",$H19="",$I19="")),"Clause 10.3 questions incomplete",IF(AND($E19="Y",$J19=""),"No action recorded",IF(AND(OR($F19="Y",$G19="Y",$H19="Y",$I19="Y"),$K19=""),"Risk file rows not updated",IF(AND(OR($F19="Y",$G19="Y",$H19="Y",$I19="Y"),$L19=""),"RM file revision not recorded",IF(AND($S19="Closed",$P19=""),"Closed with no closure date",IF(AND($S19<>"Closed",$O19<>"",$O19<TODAY()),"OVERDUE","OK"))))))))
Q20: =IF($B20="","",IF($P20<>"",$P20-$B20,TODAY()-$B20)) | R20: =IF($A20="","",IF($E20="","Safety relevance not assessed",IF(AND($E20="Y",OR($F20="",$G20="",$H20="",$I20="")),"Clause 10.3 questions incomplete",IF(AND($E20="Y",$J20=""),"No action recorded",IF(AND(OR($F20="Y",$G20="Y",$H20="Y",$I20="Y"),$K20=""),"Risk file rows not updated",IF(AND(OR($F20="Y",$G20="Y",$H20="Y",$I20="Y"),$L20=""),"RM file revision not recorded",IF(AND($S20="Closed",$P20=""),"Closed with no closure date",IF(AND($S20<>"Closed",$O20<>"",$O20<TODAY()),"OVERDUE","OK"))))))))
Q21: =IF($B21="","",IF($P21<>"",$P21-$B21,TODAY()-$B21)) | R21: =IF($A21="","",IF($E21="","Safety relevance not assessed",IF(AND($E21="Y",OR($F21="",$G21="",$H21="",$I21="")),"Clause 10.3 questions incomplete",IF(AND($E21="Y",$J21=""),"No action recorded",IF(AND(OR($F21="Y",$G21="Y",$H21="Y",$I21="Y"),$K21=""),"Risk file rows not updated",IF(AND(OR($F21="Y",$G21="Y",$H21="Y",$I21="Y"),$L21=""),"RM file revision not recorded",IF(AND($S21="Closed",$P21=""),"Closed with no closure date",IF(AND($S21<>"Closed",$O21<>"",$O21<TODAY()),"OVERDUE","OK"))))))))
... Q34: =IF($B34="","",IF($P34<>"",$P34-$B34,TODAY()-$B34)) | R34: =IF($A34="","",IF($E34="","Safety relevance not assessed",IF(AND($E34="Y",OR($F34="",$G34="",$H34="",$I34="")),"Clause 10.3 questions incomplete",IF(AND($E34="Y",$J34=""),"No action recorded",IF(AND(OR($F34="Y",$G34="Y",$H34="Y",$I34="Y"),$K34=""),"Risk file rows not updated",IF(AND(OR($F34="Y",$G34="Y",$H34="Y",$I34="Y"),$L34=""),"RM file revision not recorded",IF(AND($S34="Closed",$P34=""),"Closed with no closure date",IF(AND($S34<>"Closed",$O34<>"",$O34<TODAY()),"OVERDUE","OK"))))))))

Sheet RM File Index
A1: Risk management file index
A2: Clause 4.5 requires the risk management file to provide traceability for each identified hazard to the risk analysis, the risk evaluation, the risk control measures and the assessment of the acceptability of any residual risk. The file may be a set of references; this is the index that makes it one.
A4: # | B4: Record the file must provide | C4: Clause | D4: Document ID | E4: Rev | F4: Where it lives | G4: Present? | H4: Note
A5: 1 | B5: Risk management plan, at its current revision | C5: 4.4
A6: 2 | B6: Records of changes to the plan | C6: 4.4
A7: 3 | B7: Competence records for the persons performing risk management tasks | C7: 4.3
A8: 4 | B8: Intended use and reasonably foreseeable misuse | C8: 5.2
A9: 5 | B9: Characteristics related to safety | C9: 5.3
A10: 6 | B10: Identification of hazards and hazardous situations, with the sequences of events | C10: 5.4
A11: 7 | B11: Risk estimation for each hazardous situation, with the basis for each estimate | C11: 5.5
A12: 8 | B12: Risk evaluation against the criteria in the plan | C12: 6
A13: 9 | B13: Risk control option analysis, in the order of priority | C13: 7.1
A14: 10 | B14: Residual risk evaluation for each individual residual risk | C14: 7.3
A15: 11 | B15: Verification of implementation of each risk control measure | C15: 7.2
A16: 12 | B16: Verification of effectiveness of each risk control measure | C16: 7.2
... A34: 30 | B34: Link to the security risk records for a connected device | C34: Related
B36: Index completeness | D36: =IF(COUNTA($G$5:$G$34)=0,"Not started",COUNTIF($G$5:$G$34,"Yes") & " of " & (COUNTA($G$5:$G$34)-COUNTIF($G$5:$G$34,"N/A")) & " applicable records present") -> Not started

Sheet Dashboard
A1: Risk file readiness dashboard
A2: Every figure is a formula over the other sheets. Nothing here is typed in.
A4: Analysis
A5: Measure | B5: Value | C5: What it means
A6: Hazardous situations analysed | B6: =COUNTA('Hazard Analysis'!$A$5:$A$44) -> 16 | C6: Clause 5.4. One row per hazardous situation. A file with fewer rows than the device has failure modes has collapsed the analysis.
A7: Rows with no MDR GSPR link | B7: =COUNTIFS('Hazard Analysis'!$A$5:$A$44,"<>",'Hazard Analysis'!$G$5:$G$44,"") -> 1 | C7: Annex I Chapter I has to be addressed requirement by requirement. An unlinked row cannot be defended in a technical documentation assessment.
A8: Rows with no stated basis for the probability estimate | B8: =COUNTIFS('Hazard Analysis'!$A$5:$A$44,"<>",'Hazard Analysis'!$K$5:$K$44,"") -> 1 | C8: The first question a reviewer asks about a number is where it came from.
A9: Rows evaluated on severity alone | B9: =COUNTIF('Hazard Analysis'!$M$5:$M$44,"*S only*") -> 0 | C9: Clause 4.4 d) permits this, but only against a rule the plan declared in advance.
A11: Risk control
A12: Measure | B12: Value | C12: What it means
A13: Initial risks the criteria do not accept | B13: =COUNTIF('Hazard Analysis'!$M$5:$M$44,"Not acceptable*") -> 9 | C13: Each one needs a risk control measure under Clause 7.1.
A14: ...of which no risk control is recorded | B14: =COUNTIFS('Hazard Analysis'!$M$5:$M$44,"Not acceptable*",'Hazard Analysis'!$P$5:$P$44,"") -> 0 | C14: Must be zero before the risk management report is signed.
A15: Controls relying on information for safety (category 3) | B15: =COUNTIF('Hazard Analysis'!$Q$5:$Q$44,3) -> 3 | C15: The weakest option in the Clause 7.1 order of priority. Each needs a record of why 1 and 2 were not practicable.
A16: Category 2 or 3 controls with no order-of-priority justification | B16: =COUNTIFS('Risk Controls'!$D$5:$D$34,">1",'Risk Controls'!$E$5:$E$34,"") -> 1 | C16: MDR Annex I point 4 makes the order mandatory, not advisory.
A17: Controls with implementation not verified | B17: =COUNTIFS('Risk Controls'!$A$5:$A$34,"<>",'Risk Controls'!$G$5:$G$34,"") -> 0 | C17: Clause 7.2, first part.
A18: Controls with EFFECTIVENESS not verified | B18: =COUNTIFS('Risk Controls'!$A$5:$A$34,"<>",'Risk Controls'!$H$5:$H$34,"") -> 1 | C18: Clause 7.2, second part. This is the count that most often is not zero.
A19: Controls with no assessment of the risks they introduce | B19: =COUNTIFS('Risk Controls'!$A$5:$A$34,"<>",'Risk Controls'!$J$5:$J$34,"") -> 1 | C19: Clause 7.5. A control that creates a new hazardous situation, or raises an existing risk, needs its own row in the analysis.
A20: Orphan controls: no hazard row cites them | B20: =COUNTIFS('Risk Controls'!$A$5:$A$34,"<>",'Risk Controls'!$K$5:$K$34,0) -> 0 | C20: Traceability runs both ways under Clause 4.5.
A22: Residual risk and benefit-risk
A23: Measure | B23: Value | C23: What it means
A24: Residual risks the criteria do not accept | B24: =COUNTIF('Hazard Analysis'!$V$5:$V$44,"Not acceptable*") -> 4 | C24: Clause 7.4: further control, or a benefit-risk analysis.
A25: ...with no benefit-risk record | B25: =SUMPRODUCT(('Hazard Analysis'!$V$5:$V$44<>"")*(LEFT('Hazard Analysis'!$V$5:$V$44,3)="Not")*(COUNTIF('Benefit-Risk'!$A$5:$A$16,'Hazard Analysis'!$A$5:$A$44)=0)) -> 0 | C25: Must be zero. A red cell with no benefit-risk record behind it is the finding.
A26: Benefit-risk records that are not complete | B26: =COUNTIFS('Benefit-Risk'!$A$5:$A$16,"<>",'Benefit-Risk'!$L$5:$L$16,"<>Complete") -> 1 | C26: A benefit stated without magnitude, probability and duration is not weighable against a risk.
A27: Category 3 controls with no disclosure reference | B27: =COUNTIFS('Hazard Analysis'!$Q$5:$Q$44,3,'Hazard Analysis'!$Z$5:$Z$44,"") -> 1 | C27: If safety rests on information, Clause 8 requires the significant residual risk to be disclosed in the accompanying information.
A28: Overall residual risk inputs recorded as considered | B28: ='Residual Risk'!$C$29 & " of 9" -> 0 of 9 | C28: Clause 8. Each input on the 'Residual Risk' sheet has to be considered and the consideration recorded.
A30: Production and post-production (Clause 10)
A31: Measure | B31: Value | C31: What it means
A32: Items logged | B32: =COUNTA('Prod & Post-Prod'!$A$5:$A$34) -> 5 | C32: An empty log on a marketed device is a finding on its own.
A33: Items open | B33: =COUNTIFS('Prod & Post-Prod'!$A$5:$A$34,"<>",'Prod & Post-Prod'!$S$5:$S$34,"<>Closed") -> 2 | C33: In work or open.
A34: Items overdue | B34: =COUNTIF('Prod & Post-Prod'!$R$5:$R$34,"OVERDUE") -> 0 | C34: Past the due date and not closed.
A35: Items whose check is not OK | B35: =COUNTIFS('Prod & Post-Prod'!$A$5:$A$34,"<>",'Prod & Post-Prod'!$R$5:$R$34,"<>OK") -> 1 | C35: Includes overdue items and Clause 10.3 questions left unanswered.
A36: Items that should have updated the risk file but did not | B36: =COUNTIF('Prod & Post-Prod'!$R$5:$R$34,"Risk file rows not updated") -> 1 | C36: The loop that Clause 10 exists to close.
A38: File
A39: Measure | B39: Value | C39: What it means
A40: Hazard rows whose completeness check is not Complete | B40: =COUNTIFS('Hazard Analysis'!$A$5:$A$44,"<>",'Hazard Analysis'!$X$5:$X$44,"<>Complete") -> 2 | C40: Column X on 'Hazard Analysis' names the reason for each one.
A41: Risk control rows whose completeness check is not Complete | B41: =COUNTIFS('Risk Controls'!$A$5:$A$34,"<>",'Risk Controls'!$L$5:$L$34,"<>Complete") -> 1 | C41: Column L on 'Risk Controls'.
A42: Risk management file index | B42: ='RM File Index'!$D$36 -> Not started | C42: Clause 4.5. The index is what makes a set of scattered records a file.
A44: Exit criteria
A45: Every criterion must read Yes before the risk management report is signed under Clause 9.
A46: Criterion | B46: Met? | C46: Why it matters
A47: Every unacceptable initial risk has a risk control measure | B47: =IF($B$14=0,"Yes","No - " & $B$14 & " outstanding") -> Yes | C47: Clause 7.1. Until this reads Yes the risk control activity is not finished.
A48: Every risk control measure has both verifications | B48: =IF($B$17+$B$18=0,"Yes","No - " & ($B$17+$B$18) & " missing") -> No - 1 missing | C48: Clause 7.2. Implementation and effectiveness are two separate records.
A49: Every unacceptable residual risk has a complete benefit-risk record | B49: =IF($B$25+$B$26=0,"Yes","No - " & ($B$25+$B$26) & " outstanding") -> No - 1 outstanding | C49: Clause 7.4 and Clause 8; MDR Annex I points 1 and 8.
A50: The overall residual risk has been evaluated against the declared criteria | B50: =IF('Residual Risk'!$C$30="","No",IF('Residual Risk'!$C$29<9,"No - " & (9-'Residual Risk'!$C$29) & " inputs not considered","Yes")) -> No | C50: Clause 8. A separate evaluation with its own criteria, not a roll-up of the rows.
A51: Traceability is complete on every row | B51: =IF($B$40+$B$41=0,"Yes","No - " & ($B$40+$B$41) & " rows incomplete") -> No - 3 rows incomplete | C51: Clause 4.5. Columns X on 'Hazard Analysis' and L on 'Risk Controls' name the reason for each.
A52: The production and post-production loop is current | B52: =IF($B$33+$B$34=0,"Yes","No - " & ($B$33+$B$34) & " open or overdue") -> No - 2 open or overdue | C52: Clause 10. This is the criterion that expires; re-check it at every review.
