Workbook

Sheet Read me
A1: QMSR Gap Assessment Workbook
A2: Companion to the seminar 'QMSR Transition: a strategic roadmap for shifting from FDA Part 820 to the Quality Management System Regulation'
A4: Purpose | B4: An evidence-based gap assessment against the Quality Management System Regulation (21 CFR Part 820, effective 2 February 2026) and the inspection process FDA uses to assess it, Compliance Program 7382.850.
A5: Why it is built this way | B5: The compliance program tests whether a process works, not whether a procedure exists. So the decisive column is 'What the evidence lacked', not 'procedure updated'. Rows are prioritised by inspection exposure rather than by clause order.
A7: How to use it | B7: 1. On 'Gap assessment', set 'Applicable to us' for every row. Document any exclusion and its justification (for example Clause 7.3 under 21 CFR 820.10(c)).
B8: 2. For each applicable row, name the current procedure or record, then SAMPLE A RECORD. Write what you sampled and what it lacked.
B9: 3. Set 'Regulatory gap', 'Exposure' and 'Effort'. The 'Suggested exposure' column is a starting point, not an answer.
B10: 4. Work the rows in priority-rank order. Assign an owner, a due date and a verification method.
B11: 5. Review the 'Dashboard' with top management and record the decisions in management review.
A13: Cells to fill in | B13: Every cell with a pale yellow fill is an input. Columns A to H and every unshaded column carry reference data or formulas: do not overwrite them.
A14: Formula columns | B14: 'Suggested exposure', 'Priority score' and 'Priority rank' on 'Gap assessment'; every figure on 'Dashboard'; the 'Status' column on 'Metrics'. These recalculate from your inputs.
A16: Priority score | B16: Exposure contributes 30 (High), 20 (Medium) or 10 (Low). A regulatory gap adds 5. Effort adds 3 (S), 2 (M) or 1 (L), so that among equal-exposure rows the cheaper fix ranks first. Change the weights in the formula if your risk appetite differs.
A17: Suggested exposure | B17: High where the element is in Compliance Program 7382.850 Model 2's minimum list, or in an area FDA officials ranked among the top Form 483 observation areas in early 2026. Medium otherwise. Override it with your own judgement.
A19: Sheets | B19: Read me · Gap assessment (58 elements) · Dashboard · Model 2 minimum · 820.35 and 820.45 checklists · Crosswalk · Metrics · Roadmap
A21: Sources | B21: Element list, Model 2 minimum list and inspection types: Compliance Program 7382.850, Inspection of Medical Device Manufacturers, implementation date 2 February 2026, Attachment A and Figures 1 to 3.
B22: Regulatory text: 21 CFR Part 820 as in force from 2 February 2026; final rule 89 FR 7496 (2 February 2024); correction 89 FR 82945 (15 October 2024); technical amendments 90 FR 55978 (4 December 2025).
B23: Top-cited observation areas: FDA officials' public remarks, February to June 2026 (risk management; outsourcing and purchasing; complaint handling and feedback; UDI; corrective action).
B24: The crosswalk is industry-authored. FDA declined to publish a mapping of the QS regulation to the QMSR (final rule, Comment 18); the only official mapping is the subpart-level Table 1 in the 2022 proposed rule, 87 FR 10119 at 10124.
A26: Verify before you rely on it | B26: Content was verified in September 2026. Regulations, FDA web pages and the compliance program change. Confirm against the primary sources before using this workbook as evidence.
A27: Prepared by | B27: Elder Consulting, LLC. Seminar material; not legal or regulatory advice.
A29: Example of a completed row
A30: Element | B30: Complaint Handling (MA&I)
A31: Applicable | B31: Y
A32: Current procedure / record | B32: QP-822 rev 8; complaint form F-822-01 rev 3
A33: Evidence sampled | B33: 20 complaint records closed Jan-Jun 2026, sampled from the eQMS log
A34: What the evidence lacked | B34: 6 of 20 carry no UDI or other device identification (820.35(a)(3)); 4 of 20 carry no documented Part 803 reportability decision or rationale
A35: Reg. gap | B35: Y
A36: Exposure | B36: High
A37: Effort | B37: S
A38: Owner | B38: Complaints Manager
A39: Due | B39: 2026-10-31
A40: Verification method | B40: Re-audit 20 records closed after the form revision; 100% carry UDI and a documented reportability decision
A41: Status | B41: In progress

Sheet Gap assessment
A1: QMSR Gap Assessment: elements of Compliance Program 7382.850
A2: Pale yellow columns are inputs. Priority score and rank are formulas. Sample a record for every applicable row; 'What the evidence lacked' is the column that decides the assessment.
A3: ID | B3: QMS Area | C3: Element (CP 7382.850) | D3: ISO 13485:2016 clause(s) | E3: QMSR section(s) | F3: Former QSR section(s) | G3: Model 2 minimum | H3: Top-cited area 2026 | I3: Applicable to us (Y/N) | J3: Current procedure / record | K3: Evidence sampled (what, how many) | L3: What the evidence lacked | M3: Regulatory gap (Y/N) | N3: Suggested exposure | O3: Exposure (High/Medium/Low) | P3: Effort (S/M/L) | Q3: Priority score | R3: Priority rank | S3: Owner | T3: Due date | U3: Verification method | V3: Status
A4: E-01 | B4: Management Oversight | C4: Quality Management System | D4: 4.1.1, 4.1.2, 4.1.3, 4.1.4 | E4: 820.10(a) | F4: 820.5, 820.20 | G4: N | H4: N | I4: Y | N4: =IF(OR(LEFT($G4,1)="Y",$H4="Y"),"High","Medium") -> Medium | Q4: =IF($O4="","",IF($O4="High",30,IF($O4="Medium",20,IF($O4="Low",10,0)))+IF($M4="Y",5,0)+IF($P4="S",3,IF($P4="M",2,IF($P4="L",1,0)))) | R4: =IF($Q4="","",RANK($Q4,$Q$4:$Q$61,0))
A5: E-02 | B5: Management Oversight | C5: Risk-based Approach | D5: 4.1.2 b) | E5: 820.10(a) | F5: (no direct predecessor) | G5: N | H5: Y | I5: Y | N5: =IF(OR(LEFT($G5,1)="Y",$H5="Y"),"High","Medium") -> High | Q5: =IF($O5="","",IF($O5="High",30,IF($O5="Medium",20,IF($O5="Low",10,0)))+IF($M5="Y",5,0)+IF($P5="S",3,IF($P5="M",2,IF($P5="L",1,0)))) | R5: =IF($Q5="","",RANK($Q5,$Q$4:$Q$61,0))
A6: E-03 | B6: Management Oversight | C6: QMS Software Validation | D6: 4.1.6 | E6: 820.10(a) | F6: 820.70(i) | G6: N | H6: N | I6: Y | N6: =IF(OR(LEFT($G6,1)="Y",$H6="Y"),"High","Medium") -> Medium | Q6: =IF($O6="","",IF($O6="High",30,IF($O6="Medium",20,IF($O6="Low",10,0)))+IF($M6="Y",5,0)+IF($P6="S",3,IF($P6="M",2,IF($P6="L",1,0)))) | R6: =IF($Q6="","",RANK($Q6,$Q$4:$Q$61,0))
A7: E-04 | B7: Management Oversight | C7: Quality Manual | D7: 4.2.2 | E7: 820.10(a) | F7: 820.20(e), 820.186 | G7: N | H7: N | I7: Y | N7: =IF(OR(LEFT($G7,1)="Y",$H7="Y"),"High","Medium") -> Medium | Q7: =IF($O7="","",IF($O7="High",30,IF($O7="Medium",20,IF($O7="Low",10,0)))+IF($M7="Y",5,0)+IF($P7="S",3,IF($P7="M",2,IF($P7="L",1,0)))) | R7: =IF($Q7="","",RANK($Q7,$Q$4:$Q$61,0))
A8: E-05 | B8: Management Oversight | C8: Medical Device File | D8: 4.2.3 | E8: 820.10(a) | F8: 820.181 (DMR) | G8: Y | H8: N | I8: Y | N8: =IF(OR(LEFT($G8,1)="Y",$H8="Y"),"High","Medium") -> High | Q8: =IF($O8="","",IF($O8="High",30,IF($O8="Medium",20,IF($O8="Low",10,0)))+IF($M8="Y",5,0)+IF($P8="S",3,IF($P8="M",2,IF($P8="L",1,0)))) | R8: =IF($Q8="","",RANK($Q8,$Q$4:$Q$61,0))
A9: E-06 | B9: Management Oversight | C9: Control of Documents and Records | D9: 4.2.1, 4.2.4, 4.2.5 | E9: 820.35, 820.45 | F9: 820.40, 820.180 | G9: N | H9: N | I9: Y | N9: =IF(OR(LEFT($G9,1)="Y",$H9="Y"),"High","Medium") -> Medium | Q9: =IF($O9="","",IF($O9="High",30,IF($O9="Medium",20,IF($O9="Low",10,0)))+IF($M9="Y",5,0)+IF($P9="S",3,IF($P9="M",2,IF($P9="L",1,0)))) | R9: =IF($Q9="","",RANK($Q9,$Q$4:$Q$61,0))
A10: E-07 | B10: Management Oversight | C10: Management Commitment | D10: 5.1 | E10: — | F10: 820.20(a) | G10: N | H10: N | I10: Y | N10: =IF(OR(LEFT($G10,1)="Y",$H10="Y"),"High","Medium") -> Medium | Q10: =IF($O10="","",IF($O10="High",30,IF($O10="Medium",20,IF($O10="Low",10,0)))+IF($M10="Y",5,0)+IF($P10="S",3,IF($P10="M",2,IF($P10="L",1,0)))) | R10: =IF($Q10="","",RANK($Q10,$Q$4:$Q$61,0))
A11: E-08 | B11: Management Oversight | C11: Customer Focus | D11: 5.2 | E11: — | F11: (no direct predecessor) | G11: N | H11: N | I11: Y | N11: =IF(OR(LEFT($G11,1)="Y",$H11="Y"),"High","Medium") -> Medium | Q11: =IF($O11="","",IF($O11="High",30,IF($O11="Medium",20,IF($O11="Low",10,0)))+IF($M11="Y",5,0)+IF($P11="S",3,IF($P11="M",2,IF($P11="L",1,0)))) | R11: =IF($Q11="","",RANK($Q11,$Q$4:$Q$61,0))
A12: E-09 | B12: Management Oversight | C12: Quality Policy, Quality Objectives, QMS Planning | D12: 5.3, 5.4.1, 5.4.2 | E12: — | F12: 820.20(a), 820.20(d) | G12: N | H12: N | I12: Y | N12: =IF(OR(LEFT($G12,1)="Y",$H12="Y"),"High","Medium") -> Medium | Q12: =IF($O12="","",IF($O12="High",30,IF($O12="Medium",20,IF($O12="Low",10,0)))+IF($M12="Y",5,0)+IF($P12="S",3,IF($P12="M",2,IF($P12="L",1,0)))) | R12: =IF($Q12="","",RANK($Q12,$Q$4:$Q$61,0))
A13: E-10 | B13: Management Oversight | C13: Responsibility, Authority, and Communication | D13: 5.5.1, 5.5.2, 5.5.3 | E13: — | F13: 820.20(b) | G13: N | H13: N | I13: Y | N13: =IF(OR(LEFT($G13,1)="Y",$H13="Y"),"High","Medium") -> Medium | Q13: =IF($O13="","",IF($O13="High",30,IF($O13="Medium",20,IF($O13="Low",10,0)))+IF($M13="Y",5,0)+IF($P13="S",3,IF($P13="M",2,IF($P13="L",1,0)))) | R13: =IF($Q13="","",RANK($Q13,$Q$4:$Q$61,0))
A14: E-11 | B14: Management Oversight | C14: Management Review | D14: 5.6.1, 5.6.2, 5.6.3 | E14: — | F14: 820.20(c) | G14: Y | H14: N | I14: Y | N14: =IF(OR(LEFT($G14,1)="Y",$H14="Y"),"High","Medium") -> High | Q14: =IF($O14="","",IF($O14="High",30,IF($O14="Medium",20,IF($O14="Low",10,0)))+IF($M14="Y",5,0)+IF($P14="S",3,IF($P14="M",2,IF($P14="L",1,0)))) | R14: =IF($Q14="","",RANK($Q14,$Q$4:$Q$61,0))
A15: E-12 | B15: Management Oversight | C15: Provision of Resources | D15: 6.1 | E15: — | F15: 820.20(b)(1) | G15: N | H15: N | I15: Y | N15: =IF(OR(LEFT($G15,1)="Y",$H15="Y"),"High","Medium") -> Medium | Q15: =IF($O15="","",IF($O15="High",30,IF($O15="Medium",20,IF($O15="Low",10,0)))+IF($M15="Y",5,0)+IF($P15="S",3,IF($P15="M",2,IF($P15="L",1,0)))) | R15: =IF($Q15="","",RANK($Q15,$Q$4:$Q$61,0))
... A61: E-58 | B61: OAFR | C61: Unique Device Identification | D61: 7.5.8 | E61: 21 CFR 830; 820.45; 820.10(b)(1) | F61: 820.60, 820.120 | G61: Y (all models) | H61: Y | I61: Y | N61: =IF(OR(LEFT($G61,1)="Y",$H61="Y"),"High","Medium") -> High | Q61: =IF($O61="","",IF($O61="High",30,IF($O61="Medium",20,IF($O61="Low",10,0)))+IF($M61="Y",5,0)+IF($P61="S",3,IF($P61="M",2,IF($P61="L",1,0)))) | R61: =IF($Q61="","",RANK($Q61,$Q$4:$Q$61,0))

Sheet Dashboard
A1: Dashboard
A2: Every figure is a formula over 'Gap assessment'. Take the top block to management review.
A4: Headline readiness | B4: Count
A5: Elements in the assessment | B5: =COUNTA('Gap assessment'!$A$4:$A$61) -> 58
A6: Elements marked applicable | B6: =COUNTIF('Gap assessment'!$I$4:$I$61,"Y") -> 58
A7: Elements with evidence sampled | B7: =COUNTIFS('Gap assessment'!$I$4:$I$61,"Y",'Gap assessment'!$K$4:$K$61,"<>") -> 0
A8: Applicable elements NOT yet sampled | B8: =COUNTIF('Gap assessment'!$I$4:$I$61,"Y")-COUNTIFS('Gap assessment'!$I$4:$I$61,"Y",'Gap assessment'!$K$4:$K$61,"<>") -> 58
A9: Regulatory gaps identified | B9: =COUNTIFS('Gap assessment'!$I$4:$I$61,"Y",'Gap assessment'!$M$4:$M$61,"Y") -> 0
A10: Inspection-critical gaps (gap = Y and exposure = High) | B10: =COUNTIFS('Gap assessment'!$I$4:$I$61,"Y",'Gap assessment'!$M$4:$M$61,"Y",'Gap assessment'!$O$4:$O$61,"High") -> 0
A11: Inspection-critical gaps still open (not Closed) | B11: =COUNTIFS('Gap assessment'!$I$4:$I$61,"Y",'Gap assessment'!$M$4:$M$61,"Y",'Gap assessment'!$O$4:$O$61,"High",'Gap assessment'!$V$4:$V$61,"<>Closed") -> 0
A12: Gaps with no owner assigned | B12: =COUNTIFS('Gap assessment'!$I$4:$I$61,"Y",'Gap assessment'!$M$4:$M$61,"Y",'Gap assessment'!$S$4:$S$61,"") -> 0
A13: Gaps closed | B13: =COUNTIFS('Gap assessment'!$I$4:$I$61,"Y",'Gap assessment'!$M$4:$M$61,"Y",'Gap assessment'!$V$4:$V$61,"Closed") -> 0
A16: By QMS Area | B16: Elements | C16: Applicable | D16: Sampled | E16: Gaps | F16: High-exposure gaps | G16: Closed
A17: Management Oversight | B17: =COUNTIF('Gap assessment'!$B$4:$B$61,$A17) -> 14 | C17: =COUNTIFS('Gap assessment'!$B$4:$B$61,$A17,'Gap assessment'!$I$4:$I$61,"Y") -> 14 | D17: =COUNTIFS('Gap assessment'!$B$4:$B$61,$A17,'Gap assessment'!$I$4:$I$61,"Y",'Gap assessment'!$K$4:$K$61,"<>") -> 0 | E17: =COUNTIFS('Gap assessment'!$B$4:$B$61,$A17,'Gap assessment'!$I$4:$I$61,"Y",'Gap assessment'!$M$4:$M$61,"Y") -> 0 | F17: =COUNTIFS('Gap assessment'!$B$4:$B$61,$A17,'Gap assessment'!$I$4:$I$61,"Y",'Gap assessment'!$M$4:$M$61,"Y",'Gap assessment'!$O$4:$O$61,"High") -> 0 | G17: =COUNTIFS('Gap assessment'!$B$4:$B$61,$A17,'Gap assessment'!$M$4:$M$61,"Y",'Gap assessment'!$V$4:$V$61,"Closed") -> 0
A18: Design and Development | B18: =COUNTIF('Gap assessment'!$B$4:$B$61,$A18) -> 12 | C18: =COUNTIFS('Gap assessment'!$B$4:$B$61,$A18,'Gap assessment'!$I$4:$I$61,"Y") -> 12 | D18: =COUNTIFS('Gap assessment'!$B$4:$B$61,$A18,'Gap assessment'!$I$4:$I$61,"Y",'Gap assessment'!$K$4:$K$61,"<>") -> 0 | E18: =COUNTIFS('Gap assessment'!$B$4:$B$61,$A18,'Gap assessment'!$I$4:$I$61,"Y",'Gap assessment'!$M$4:$M$61,"Y") -> 0 | F18: =COUNTIFS('Gap assessment'!$B$4:$B$61,$A18,'Gap assessment'!$I$4:$I$61,"Y",'Gap assessment'!$M$4:$M$61,"Y",'Gap assessment'!$O$4:$O$61,"High") -> 0 | G18: =COUNTIFS('Gap assessment'!$B$4:$B$61,$A18,'Gap assessment'!$M$4:$M$61,"Y",'Gap assessment'!$V$4:$V$61,"Closed") -> 0
A19: Production and Service Provision | B19: =COUNTIF('Gap assessment'!$B$4:$B$61,$A19) -> 11 | C19: =COUNTIFS('Gap assessment'!$B$4:$B$61,$A19,'Gap assessment'!$I$4:$I$61,"Y") -> 11 | D19: =COUNTIFS('Gap assessment'!$B$4:$B$61,$A19,'Gap assessment'!$I$4:$I$61,"Y",'Gap assessment'!$K$4:$K$61,"<>") -> 0 | E19: =COUNTIFS('Gap assessment'!$B$4:$B$61,$A19,'Gap assessment'!$I$4:$I$61,"Y",'Gap assessment'!$M$4:$M$61,"Y") -> 0 | F19: =COUNTIFS('Gap assessment'!$B$4:$B$61,$A19,'Gap assessment'!$I$4:$I$61,"Y",'Gap assessment'!$M$4:$M$61,"Y",'Gap assessment'!$O$4:$O$61,"High") -> 0 | G19: =COUNTIFS('Gap assessment'!$B$4:$B$61,$A19,'Gap assessment'!$M$4:$M$61,"Y",'Gap assessment'!$V$4:$V$61,"Closed") -> 0
A20: Measurement, Analysis, and Improvement | B20: =COUNTIF('Gap assessment'!$B$4:$B$61,$A20) -> 10 | C20: =COUNTIFS('Gap assessment'!$B$4:$B$61,$A20,'Gap assessment'!$I$4:$I$61,"Y") -> 10 | D20: =COUNTIFS('Gap assessment'!$B$4:$B$61,$A20,'Gap assessment'!$I$4:$I$61,"Y",'Gap assessment'!$K$4:$K$61,"<>") -> 0 | E20: =COUNTIFS('Gap assessment'!$B$4:$B$61,$A20,'Gap assessment'!$I$4:$I$61,"Y",'Gap assessment'!$M$4:$M$61,"Y") -> 0 | F20: =COUNTIFS('Gap assessment'!$B$4:$B$61,$A20,'Gap assessment'!$I$4:$I$61,"Y",'Gap assessment'!$M$4:$M$61,"Y",'Gap assessment'!$O$4:$O$61,"High") -> 0 | G20: =COUNTIFS('Gap assessment'!$B$4:$B$61,$A20,'Gap assessment'!$M$4:$M$61,"Y",'Gap assessment'!$V$4:$V$61,"Closed") -> 0
A21: Outsourcing and Purchasing | B21: =COUNTIF('Gap assessment'!$B$4:$B$61,$A21) -> 3 | C21: =COUNTIFS('Gap assessment'!$B$4:$B$61,$A21,'Gap assessment'!$I$4:$I$61,"Y") -> 3 | D21: =COUNTIFS('Gap assessment'!$B$4:$B$61,$A21,'Gap assessment'!$I$4:$I$61,"Y",'Gap assessment'!$K$4:$K$61,"<>") -> 0 | E21: =COUNTIFS('Gap assessment'!$B$4:$B$61,$A21,'Gap assessment'!$I$4:$I$61,"Y",'Gap assessment'!$M$4:$M$61,"Y") -> 0 | F21: =COUNTIFS('Gap assessment'!$B$4:$B$61,$A21,'Gap assessment'!$I$4:$I$61,"Y",'Gap assessment'!$M$4:$M$61,"Y",'Gap assessment'!$O$4:$O$61,"High") -> 0 | G21: =COUNTIFS('Gap assessment'!$B$4:$B$61,$A21,'Gap assessment'!$M$4:$M$61,"Y",'Gap assessment'!$V$4:$V$61,"Closed") -> 0
A22: Change Control | B22: =COUNTIF('Gap assessment'!$B$4:$B$61,$A22) -> 4 | C22: =COUNTIFS('Gap assessment'!$B$4:$B$61,$A22,'Gap assessment'!$I$4:$I$61,"Y") -> 4 | D22: =COUNTIFS('Gap assessment'!$B$4:$B$61,$A22,'Gap assessment'!$I$4:$I$61,"Y",'Gap assessment'!$K$4:$K$61,"<>") -> 0 | E22: =COUNTIFS('Gap assessment'!$B$4:$B$61,$A22,'Gap assessment'!$I$4:$I$61,"Y",'Gap assessment'!$M$4:$M$61,"Y") -> 0 | F22: =COUNTIFS('Gap assessment'!$B$4:$B$61,$A22,'Gap assessment'!$I$4:$I$61,"Y",'Gap assessment'!$M$4:$M$61,"Y",'Gap assessment'!$O$4:$O$61,"High") -> 0 | G22: =COUNTIFS('Gap assessment'!$B$4:$B$61,$A22,'Gap assessment'!$M$4:$M$61,"Y",'Gap assessment'!$V$4:$V$61,"Closed") -> 0
A23: OAFR | B23: =COUNTIF('Gap assessment'!$B$4:$B$61,$A23) -> 4 | C23: =COUNTIFS('Gap assessment'!$B$4:$B$61,$A23,'Gap assessment'!$I$4:$I$61,"Y") -> 4 | D23: =COUNTIFS('Gap assessment'!$B$4:$B$61,$A23,'Gap assessment'!$I$4:$I$61,"Y",'Gap assessment'!$K$4:$K$61,"<>") -> 0 | E23: =COUNTIFS('Gap assessment'!$B$4:$B$61,$A23,'Gap assessment'!$I$4:$I$61,"Y",'Gap assessment'!$M$4:$M$61,"Y") -> 0 | F23: =COUNTIFS('Gap assessment'!$B$4:$B$61,$A23,'Gap assessment'!$I$4:$I$61,"Y",'Gap assessment'!$M$4:$M$61,"Y",'Gap assessment'!$O$4:$O$61,"High") -> 0 | G23: =COUNTIFS('Gap assessment'!$B$4:$B$61,$A23,'Gap assessment'!$M$4:$M$61,"Y",'Gap assessment'!$V$4:$V$61,"Closed") -> 0
A24: Total | B24: =SUM(B17:B23) -> 58 | C24: =SUM(C17:C23) -> 58 | D24: =SUM(D17:D23) -> 0 | E24: =SUM(E17:E23) -> 0 | F24: =SUM(F17:F23) -> 0 | G24: =SUM(G17:G23) -> 0
A27: Status of applicable elements | B27: Count
A28: Not started | B28: =COUNTIFS('Gap assessment'!$I$4:$I$61,"Y",'Gap assessment'!$V$4:$V$61,$A28) -> 0
A29: In progress | B29: =COUNTIFS('Gap assessment'!$I$4:$I$61,"Y",'Gap assessment'!$V$4:$V$61,$A29) -> 0
A30: Closed | B30: =COUNTIFS('Gap assessment'!$I$4:$I$61,"Y",'Gap assessment'!$V$4:$V$61,$A30) -> 0
A31: Not applicable | B31: =COUNTIFS('Gap assessment'!$I$4:$I$61,"Y",'Gap assessment'!$V$4:$V$61,$A31) -> 0
A32: (blank) | B32: =COUNTIFS('Gap assessment'!$I$4:$I$61,"Y",'Gap assessment'!$V$4:$V$61,"") -> 58
A34: Exit criterion for the Assess phase | B34: Met?
A35: Every applicable element sampled with at least one record | B35: =IF(B8=0,"Yes","No - " & B8 & " left to sample") -> No - 58 left to sample
A36: No inspection-critical gap left open | B36: =IF(B11=0,"Yes","No - " & B11 & " open") -> Yes
A37: Every gap has a named owner | B37: =IF(B12=0,"Yes","No - " & B12 & " unassigned") -> Yes

Sheet Model 2 minimum
A1: Compliance Program 7382.850, Figure 2: Inspection Model 2 minimum elements
A2: Model 2 applies to baseline surveillance inspections (no FDA inspection or MDSAP audit history, or risk factors indicating a need) and to PMA preapproval inspections. 22 elements, or 23 where the product is sterile. Model 1, used for every other inspection type, requires at least one element from each of the six QMS Areas plus all four OAFRs. Both models are minimums; FDA has said investigators routinely evaluate more.
A4: QMS Area | B4: Element | C4: Note
A5: QMS Area elements prescribed for Model 2
A6: Management Oversight | B6: Medical Device File
A7: Management Oversight | B7: Management Review
A8: Management Oversight | B8: Planning of Product Realization
A9: Design and Development | B9: Design and Development Inputs
A10: Design and Development | B10: Design and Development Outputs
A11: Design and Development | B11: Design and Development Review
A12: Design and Development | B12: Design and Development Verification
A13: Design and Development | B13: Design and Development Software Validation
A14: Design and Development | B14: Design and Development Validation
A15: Design and Development | B15: Design and Development Transfer
A16: Production and Service Provision | B16: Control of Production and Service Provision
A17: Production and Service Provision | B17: Validation of Processes for Production and Service Provision
A18: Production and Service Provision | B18: Sterile Medical Devices and Validation of Processes for Sterilization and Sterile Barrier Systems | C18: For sterile product only
A19: Production and Service Provision | B19: Identification and Traceability
A20: Measurement, Analysis, and Improvement | B20: Feedback
A21: Measurement, Analysis, and Improvement | B21: Complaint Handling
A22: Measurement, Analysis, and Improvement | B22: Internal Audits
A23: Measurement, Analysis, and Improvement | B23: Control of Nonconforming Product
A24: Measurement, Analysis, and Improvement | B24: Analysis of Data
A25: Measurement, Analysis, and Improvement | B25: Corrective Action
A26: Measurement, Analysis, and Improvement | B26: Preventive Action
A27: Outsourcing and Purchasing | B27: Outsourcing
A28: Change Control | B28: Product and Process Changes
A29: Count | B29: =COUNTA(B6:B28) -> 23
A31: Other Applicable FDA Requirements (evaluated under both models)
A32: OAFR | B32: Medical Device Reporting | C32: Evaluated in every risk-based inspection except PMA preapproval
A33: OAFR | B33: Reports of Corrections and Removals | C33: Evaluated in every risk-based inspection except PMA preapproval
A34: OAFR | B34: Medical Device Tracking Requirements | C34: Evaluated in every risk-based inspection except PMA preapproval (where a tracking order was issued)
A35: OAFR | B35: Unique Device Identification | C35: Evaluated in every risk-based inspection except PMA preapproval
A36: Count | B36: =COUNTA(B32:B35) -> 4
A38: Reading the counts | B38: 23 QMS Area elements are listed, of which the sterile-product element applies only to sterile product: 23 for sterile product, 22 for non-sterile. The four OAFRs and the general items (registration and listing, marketing authorizations, previous 483 and compliance issues, and any areas defined in the assignment) are additional under both models.

Sheet 820.35 and 820.45 checks
A1: Record content checklists: 21 CFR 820.35 and 820.45
A2: Run these against your own templates and against sampled records. Pale yellow columns are inputs. These are the two provisions ISO 13485-certified firms most often had to add.
A4: Provision | B4: Requirement | C4: Met? (Y/N/NA) | D4: Evidence or gap | E4: Owner
A5: §820.35(a) | B5: Records of the review, evaluation and investigation are maintained for any complaint involving the possible failure of a device, labeling or packaging to meet any of its specifications
A6: §820.35(a) | B6: Where a similar complaint was already investigated and no new investigation is performed, records document the justification
A7: §820.35(a)(1) | B7: The name of the device is recorded
A8: §820.35(a)(2) | B8: The date the complaint was received is recorded
A9: §820.35(a)(3) | B9: Any UDI or UPC, and any other device identification, is recorded
A10: §820.35(a)(4) | B10: The name, address and phone number of the complainant is recorded
A11: §820.35(a)(5) | B11: The nature and details of the complaint are recorded
A12: §820.35(a)(6) | B12: Any correction or corrective action taken is recorded
A13: §820.35(a)(7) | B13: Any reply to the complainant is recorded
A14: §820.10(b)(3) | B14: The Part 803 reportability decision and its rationale are documented for each complaint
A15: §820.35(b)(1) | B15: Servicing record: the name of the device serviced
A16: §820.35(b)(2) | B16: Servicing record: any UDI or UPC, and other device identification
... A32: §820.45(c) | B32: Where automated readers are used, a designated individual examines at minimum a representative sample of the labels checked
B34: Items met | C34: =COUNTIF(C5:C32,"Y") -> 0
B35: Items not met | C35: =COUNTIF(C5:C32,"N") -> 0
B36: Items not yet assessed | C36: =28-COUNTIF(C5:C32,"Y")-COUNTIF(C5:C32,"N")-COUNTIF(C5:C32,"NA") -> 28

Sheet Crosswalk
A1: Crosswalk: former QS regulation to ISO 13485:2016 and the QMSR
A2: Industry-authored. FDA declined to publish a mapping of the QS regulation to the QMSR (final rule, Comment 18). The only official mapping is the subpart-level Table 1 in the 2022 proposed rule. Use this to orient, not as evidence.
A4: Former QSR section | B4: ISO 13485:2016 clause(s) | C4: QMSR supplement | D4: Substantive delta to test with evidence
A5: 820.5 Quality system | B5: 4.1 | C5: §820.10(a) | D5: Risk-based approach to QMS processes (4.1.2 b); outsourced processes (4.1.5); QMS software validation (4.1.6)
A6: 820.20 Management responsibility | B6: 5.1-5.6 | C6: - | D6: 'Top management' replaces 'management with executive responsibility'; management review inputs (5.6.2) now inspectable
A7: 820.22 Quality audit | B7: 8.2.4 | C7: - | D7: Audit reports reviewable by FDA; the audit programme should cover the six QMS Areas and risk integration
A8: 820.25 Personnel | B8: 6.2 | C8: - | D8: Competence on education, training, skills and experience; training effectiveness proportionate to risk
A9: 820.30 Design controls | B9: 7.3.1-7.3.10 | C9: §820.10(c) | D9: Design and development file (7.3.10); the explicit independent reviewer of 820.30(e) is not carried over; risk management in 7.1
A10: 820.40 Document controls | B10: 4.2.4, 4.2.5 | C10: §820.35 | D10: 'Document' means establish, implement and maintain (Clause 0.2); records readily identifiable and retrievable
A11: 820.50 Purchasing controls | B11: 7.4.1-7.4.3 | C11: - | D11: Criteria, monitoring and re-evaluation proportionate to risk; supplier audit reports reviewable; outsourced processes under 4.1.5
A12: 820.60 Identification | B12: 7.5.8 | C12: §820.10(b)(1) | D12: UDI system documented per Part 830; UDI recorded per device or batch (§820.35(c))
A13: 820.65 Traceability | B13: 7.5.9.1, 7.5.9.2 | C13: §820.10(b)(2), §820.10(d) | D13: Old 820.65 withdrawn; implant traceability extended to life-supporting and life-sustaining devices
A14: 820.70 Production and process controls | B14: 7.5.1, 6.3, 6.4.1, 6.4.2, 7.5.2 | C14: §820.45 | D14: Contamination control (6.4.2); process agents (7.5.2); software validation (4.1.6, 7.5.6, 7.6)
A15: 820.72 Inspection, measuring and test equipment | B15: 7.6 | C15: - | D15: Also requires validation of software used for monitoring and measurement
... A29: 820.250 Statistical techniques | B29: 8.4 | C29: - | D29: Documented procedures for analysis of data; FDA recommends quantitative data commensurate with risk

Sheet Metrics
A1: Readiness metrics for management review
A2: Choose five. Enter your actual in the pale yellow column; Status is a formula. Percentages are stored as fractions, so enter 0.95 for 95%.
A4: Readiness metric | B4: Target | C4: Actual | D4: Test | E4: Status | F4: Data source | G4: Comment / action
A5: CP 7382.850 elements with evidence sampled in the last 12 months | B5: 1 | D5: >= | E5: =IF($C5="","not measured",IF($D5=">=",IF($C5>=$B5,"Green","Red"),IF($C5<=$B5,"Green","Red"))) -> not measured | F5: Gap workbook
A6: Open inspection-critical gaps (high exposure, true regulatory gap) | B6: 0 | D6: <= | E6: =IF($C6="","not measured",IF($D6=">=",IF($C6>=$B6,"Green","Red"),IF($C6<=$B6,"Green","Red"))) -> not measured | F6: Gap workbook
A7: Median minutes to produce a requested record | B7: 15 | D7: <= | E7: =IF($C7="","not measured",IF($D7=">=",IF($C7>=$B7,"Green","Red"),IF($C7<=$B7,"Green","Red"))) -> not measured | F7: Retrieval drills
A8: Complaint records complete against the §820.35(a) elements | B8: 1 | D8: >= | E8: =IF($C8="","not measured",IF($D8=">=",IF($C8>=$B8,"Green","Red"),IF($C8<=$B8,"Green","Red"))) -> not measured | F8: Complaint system audit
A9: Servicing records with UDI and all required elements | B9: 1 | D9: >= | E9: =IF($C9="","not measured",IF($D9=">=",IF($C9>=$B9,"Green","Red"),IF($C9<=$B9,"Green","Red"))) -> not measured | F9: Service records audit
A10: Lots with a documented five-point label examination and release | B10: 1 | D10: >= | E10: =IF($C10="","not measured",IF($D10=">=",IF($C10>=$B10,"Green","Red"),IF($C10<=$B10,"Green","Red"))) -> not measured | F10: Batch records
A11: Risk files updated after complaint, CAPA or change triggers | B11: 1 | D11: >= | E11: =IF($C11="","not measured",IF($D11=">=",IF($C11>=$B11,"Green","Red"),IF($C11<=$B11,"Green","Red"))) -> not measured | F11: Risk management system
A12: CAPAs closed with effectiveness data | B12: 1 | D12: >= | E12: =IF($C12="","not measured",IF($D12=">=",IF($C12>=$B12,"Green","Red"),IF($C12<=$B12,"Green","Red"))) -> not measured | F12: CAPA system
A13: Critical suppliers with risk-tiered controls and a current evaluation | B13: 1 | D13: >= | E13: =IF($C13="","not measured",IF($D13=">=",IF($C13>=$B13,"Green","Red"),IF($C13<=$B13,"Green","Red"))) -> not measured | F13: Supplier files
A14: Internal audit coverage of the six QMS Areas and four OAFRs | B14: 1 | D14: >= | E14: =IF($C14="","not measured",IF($D14=">=",IF($C14>=$B14,"Green","Red"),IF($C14<=$B14,"Green","Red"))) -> not measured | F14: Audit programme
A15: Management review actions closed on time | B15: 0.95 | D15: >= | E15: =IF($C15="","not measured",IF($D15=">=",IF($C15>=$B15,"Green","Red"),IF($C15<=$B15,"Green","Red"))) -> not measured | F15: Management review log
A16: Competence verified for high-risk processes (beyond read-and-sign) | B16: 1 | D16: >= | E16: =IF($C16="","not measured",IF($D16=">=",IF($C16>=$B16,"Green","Red"),IF($C16<=$B16,"Green","Red"))) -> not measured | F16: Training records

Sheet Roadmap
A1: Transition roadmap: five phases, two tracks
A2: Track A: transition complete, verifying and hardening for the first inspection. Track B: still closing gaps, compressing phases 1 to 4 into 90 days, load-bearing provisions first. Pale yellow columns are inputs.
A4: Phase | B4: Deliverable | C4: Exit criterion | D4: Track A action | E4: Track B timing | F4: Owner | G4: Due date | H4: Status
A5: 0 Mobilize | B5: Charter, executive sponsor, scope and applicability statement (products, sites, Part 4 applicability, Class I exclusions), one named owner per QMS process | C5: 100% of QMS processes have a named owner | D5: Confirm owners; refresh the applicability statement | E5: Week 1
A6: 1 Assess | B6: Evidence-based gap workbook covering every CP 7382.850 element, with an exposure-weighted heat map | C6: Every applicable requirement sampled with at least one record; heat map approved by top management | D6: Re-run on high-exposure rows only | E6: Weeks 1-3
A7: 2 Design | B7: Document architecture decision (rewrite, bridge or hybrid); controlled definitions table; procedure change list; template changes for complaint, service, label release, supplier file and management review agenda | C7: Every gap linked to a specific change with an owner and a date | D7: Confirm templates carry the §820.35 and §820.45 elements | E7: Weeks 3-5
A8: 3 Implement and train | B8: Revised procedures effective; templates live; competence verified with methods proportionate to risk (Clause 6.2) | C8: % procedures effective; % staff competence-verified; % new records on the new templates in the first 30 days | D8: Refresh training for front-room staff | E8: Weeks 5-9
A9: 4 Verify | B9: Internal audit conducted the way CP 7382.850 would; record-retrieval drills; mock inspection under the applicable model | C9: Zero inspection-critical findings open; median record retrieval under 15 minutes; every mock 483 item closed with evidence | D9: Enter here now | E9: Weeks 9-13
A10: 5 Sustain | B10: Readiness metrics in management review; quarterly retrieval drills; watch list monitored; risk file updated on every trigger | C10: Metrics green two quarters running; every complaint, change and CAPA visibly updates the risk file | D10: Ongoing | E10: After week 13
